[INFO] Scanning for projects...
[INFO] 
[INFO] ----< FDA_Mirakl_and_API_Automation:FDA_Mirakl_and_API_Automation >-----
[INFO] Building FDA_Mirakl_and_API_Automation 0.0.1-SNAPSHOT
[INFO]   from pom.xml
[INFO] --------------------------------[ jar ]---------------------------------
[INFO] 
[INFO] --- clean:3.4.0:clean (default-clean) @ FDA_Mirakl_and_API_Automation ---
[INFO] Deleting C:\Users\ShubhamKumarThakur\eclipse-workspace\FDA_Mirakl_and_API_Automation\target
[INFO] 
[INFO] --- resources:3.3.1:resources (default-resources) @ FDA_Mirakl_and_API_Automation ---
[INFO] skip non existing resourceDirectory C:\Users\ShubhamKumarThakur\eclipse-workspace\FDA_Mirakl_and_API_Automation\src\main\resources
[INFO] 
[INFO] --- compiler:3.13.0:compile (default-compile) @ FDA_Mirakl_and_API_Automation ---
[INFO] Nothing to compile - all classes are up to date.
[INFO] 
[INFO] --- resources:3.3.1:testResources (default-testResources) @ FDA_Mirakl_and_API_Automation ---
[INFO] Copying 4 resources from src\test\resources to target\test-classes
[INFO] 
[INFO] --- compiler:3.13.0:testCompile (default-testCompile) @ FDA_Mirakl_and_API_Automation ---
[INFO] Recompiling the module because of changed source code.
[INFO] Compiling 27 source files with javac [debug release 17] to target\test-classes
[INFO] Annotation processing is enabled because one or more processors were found
  on the class path. A future release of javac may disable annotation processing
  unless at least one processor is specified by name (-processor), or a search
  path is specified (--processor-path, --processor-module-path), or annotation
  processing is enabled explicitly (-proc:only, -proc:full).
  Use -Xlint:-options to suppress this message.
  Use -proc:none to disable annotation processing.
[INFO] 
[INFO] --- surefire:3.3.0:test (default-test) @ FDA_Mirakl_and_API_Automation ---
[INFO] Using auto detected provider org.apache.maven.surefire.testng.TestNGProvider
[INFO] 
[INFO] -------------------------------------------------------
[INFO]  T E S T S
[INFO] -------------------------------------------------------
[INFO] Running TestSuite
SLF4J(W): No SLF4J providers were found.
SLF4J(W): Defaulting to no-operation (NOP) logger implementation
SLF4J(W): See https://www.slf4j.org/codes.html#noProviders for further details.
Aug 04, 2026 4:48:25 PM org.openqa.selenium.devtools.CdpVersionFinder findNearestMatch
WARNING: Unable to find CDP implementation matching 150
Aug 04, 2026 4:48:25 PM org.openqa.selenium.chromium.ChromiumDriver lambda$new$5
WARNING: Unable to find version of CDP to use for 150.0.7871.187. You may need to include a dependency on a specific version of the CDP using something similar to `org.seleniumhq.selenium:selenium-devtools-v86:4.25.0` where the version ("v86") matches the version of the chromium-based browser you're using and the version number of the artifact is the same as Selenium's.
2026-08-04 16:48:26 INFO  FDA_Automation_Script.FDA_Automation_Script.utils.LoggerUtility - Browser launched: chrome
2026-08-04 16:48:26 INFO  FDA_Automation_Script.FDA_Automation_Script.utils.LoggerUtility - Browser launched
2026-08-04 16:48:26 INFO  FDA_Automation_Script.FDA_Automation_Script.utils.LoggerUtility - FDA tab handle: 8596CC2BF6043554216649B02FA3400B
2026-08-04 16:48:26 INFO  FDA_Automation_Script.FDA_Automation_Script.utils.LoggerUtility - All page objects initialized for TC_FBO_001
2026-08-04 16:48:26 INFO  FDA_Automation_Script.FDA_Automation_Script.utils.LoggerUtility - ==================================================
2026-08-04 16:48:26 INFO  FDA_Automation_Script.FDA_Automation_Script.utils.LoggerUtility - Test Started: tc_fbo_001_place_order_3p_seller_full_fulfillment
2026-08-04 16:48:26 INFO  FDA_Automation_Script.FDA_Automation_Script.utils.LoggerUtility - ==================================================
2026-08-04 16:48:26 INFO  FDA_Automation_Script.FDA_Automation_Script.utils.LoggerUtility - Step 1-2: Opening Browser and navigating to FDA URL
2026-08-04 16:48:29 INFO  FDA_Automation_Script.FDA_Automation_Script.utils.LoggerUtility - Navigated to FDA URL: https://mcstaging.fahorro.com/
2026-08-04 16:48:29 INFO  FDA_Automation_Script.FDA_Automation_Script.utils.LoggerUtility - Screenshot captured: test-output/screenshots/TC_FBO_001_INFO.png
2026-08-04 16:48:29 INFO  FDA_Automation_Script.FDA_Automation_Script.utils.LoggerUtility - Step 3: Clicking Mi cuenta profile icon
2026-08-04 16:48:29 INFO  FDA_Automation_Script.FDA_Automation_Script.utils.LoggerUtility - Clicking Mi cuenta profile icon
2026-08-04 16:48:29 INFO  FDA_Automation_Script.FDA_Automation_Script.utils.LoggerUtility - Step 4: Clicking Iniciar sesión link from dropdown
2026-08-04 16:48:29 INFO  FDA_Automation_Script.FDA_Automation_Script.utils.LoggerUtility - Clicking Iniciar sesion link
2026-08-04 16:48:32 INFO  FDA_Automation_Script.FDA_Automation_Script.utils.LoggerUtility - Step 5-9: Entering credentials and logging in
2026-08-04 16:48:32 INFO  FDA_Automation_Script.FDA_Automation_Script.utils.LoggerUtility - Entering FDA email: mgowda@kognivera.com
2026-08-04 16:48:32 INFO  FDA_Automation_Script.FDA_Automation_Script.utils.LoggerUtility - Entering FDA password
2026-08-04 16:48:32 INFO  FDA_Automation_Script.FDA_Automation_Script.utils.LoggerUtility - Clicking Iniciar sesión button
2026-08-04 16:48:37 INFO  FDA_Automation_Script.FDA_Automation_Script.utils.LoggerUtility - FDA Login Successful
2026-08-04 16:48:38 INFO  FDA_Automation_Script.FDA_Automation_Script.utils.LoggerUtility - Screenshot captured: test-output/screenshots/TC_FBO_001_INFO.png
2026-08-04 16:48:38 INFO  FDA_Automation_Script.FDA_Automation_Script.utils.LoggerUtility - FDA Login Successful
2026-08-04 16:48:38 INFO  FDA_Automation_Script.FDA_Automation_Script.utils.LoggerUtility - Pre-test: Clearing any leftover cart items
2026-08-04 16:48:42 INFO  FDA_Automation_Script.FDA_Automation_Script.utils.LoggerUtility - Navigated to FDA URL: https://mcstaging.fahorro.com/checkout/cart
2026-08-04 16:49:46 INFO  FDA_Automation_Script.FDA_Automation_Script.utils.LoggerUtility - Cart is empty
2026-08-04 16:49:53 INFO  FDA_Automation_Script.FDA_Automation_Script.utils.LoggerUtility - Navigated to FDA URL: https://mcstaging.fahorro.com/
2026-08-04 16:49:53 INFO  FDA_Automation_Script.FDA_Automation_Script.utils.LoggerUtility - Step 10: Clicking search field
2026-08-04 16:49:53 INFO  FDA_Automation_Script.FDA_Automation_Script.utils.LoggerUtility - Entering search query: 78078094202
2026-08-04 16:49:55 INFO  FDA_Automation_Script.FDA_Automation_Script.utils.LoggerUtility - Step 11-12: Entering SKU and pressing Enter
2026-08-04 16:49:55 INFO  FDA_Automation_Script.FDA_Automation_Script.utils.LoggerUtility - Pressing Enter to execute search
2026-08-04 16:49:55 INFO  FDA_Automation_Script.FDA_Automation_Script.utils.LoggerUtility - Step 13: Verifying Product Details Page is displayed
2026-08-04 16:50:08 INFO  FDA_Automation_Script.FDA_Automation_Script.utils.LoggerUtility - Step 14: Verifying Agregar al carrito button is enabled
2026-08-04 16:50:23 INFO  FDA_Automation_Script.FDA_Automation_Script.utils.LoggerUtility - Add to Cart button enabled: true (attempt 1)
2026-08-04 16:50:23 INFO  FDA_Automation_Script.FDA_Automation_Script.utils.LoggerUtility - Step 15: Verifying product quantity is 1
2026-08-04 16:50:23 INFO  FDA_Automation_Script.FDA_Automation_Script.utils.LoggerUtility - PDP quantity: 1
2026-08-04 16:50:24 INFO  FDA_Automation_Script.FDA_Automation_Script.utils.LoggerUtility - Screenshot captured: test-output/screenshots/TC_FBO_001_INFO.png
2026-08-04 16:50:24 INFO  FDA_Automation_Script.FDA_Automation_Script.utils.LoggerUtility - Step 16: Clicking Agregar al carrito
2026-08-04 16:50:24 INFO  FDA_Automation_Script.FDA_Automation_Script.utils.LoggerUtility - Clicking Agregar al carrito button
2026-08-04 16:50:28 INFO  FDA_Automation_Script.FDA_Automation_Script.utils.LoggerUtility - Product Added To Cart
2026-08-04 16:50:28 INFO  FDA_Automation_Script.FDA_Automation_Script.utils.LoggerUtility - Step 17: Navigating to cart page
2026-08-04 16:50:28 INFO  FDA_Automation_Script.FDA_Automation_Script.utils.LoggerUtility - Navigating directly to cart page
2026-08-04 16:50:39 INFO  FDA_Automation_Script.FDA_Automation_Script.utils.LoggerUtility - Cart page loaded and product visible
2026-08-04 16:50:39 INFO  FDA_Automation_Script.FDA_Automation_Script.utils.LoggerUtility - Cart product name: Diamond Eye Combo Pack Monthly Color Contact Lenses113
2026-08-04 16:50:39 INFO  FDA_Automation_Script.FDA_Automation_Script.utils.LoggerUtility - Step 18: Cart product name: Diamond Eye Combo Pack Monthly Color Contact Lenses113
2026-08-04 16:50:39 INFO  FDA_Automation_Script.FDA_Automation_Script.utils.LoggerUtility - Cart quantity: 1
2026-08-04 16:50:39 INFO  FDA_Automation_Script.FDA_Automation_Script.utils.LoggerUtility - Step 19: Cart quantity: 1
2026-08-04 16:50:39 INFO  FDA_Automation_Script.FDA_Automation_Script.utils.LoggerUtility - Cart order total: $400.00
2026-08-04 16:50:39 INFO  FDA_Automation_Script.FDA_Automation_Script.utils.LoggerUtility - Step 20: Order total: $400.00
2026-08-04 16:50:39 INFO  FDA_Automation_Script.FDA_Automation_Script.utils.LoggerUtility - Screenshot captured: test-output/screenshots/TC_FBO_001_INFO.png
2026-08-04 16:50:39 INFO  FDA_Automation_Script.FDA_Automation_Script.utils.LoggerUtility - Step 21: Clicking Proceed to payment
2026-08-04 16:50:39 INFO  FDA_Automation_Script.FDA_Automation_Script.utils.LoggerUtility - Clicking Proceed to payment button
2026-08-04 16:50:51 INFO  FDA_Automation_Script.FDA_Automation_Script.utils.LoggerUtility - Window handles after clickProceedToPayment: 1
2026-08-04 16:50:51 INFO  FDA_Automation_Script.FDA_Automation_Script.utils.LoggerUtility - Step 22: Clicking Siguiente on shipping page
2026-08-04 16:50:51 INFO  FDA_Automation_Script.FDA_Automation_Script.utils.LoggerUtility - Clicking Siguiente button on shipping page
2026-08-04 16:50:56 INFO  FDA_Automation_Script.FDA_Automation_Script.utils.LoggerUtility - Step 23: Selecting Credit/Debit Card Payment
2026-08-04 16:50:56 INFO  FDA_Automation_Script.FDA_Automation_Script.utils.LoggerUtility - Selecting Credit/Debit Card Payment option
2026-08-04 16:51:00 INFO  FDA_Automation_Script.FDA_Automation_Script.utils.LoggerUtility - Step 24-25: Entering card number
2026-08-04 16:51:00 INFO  FDA_Automation_Script.FDA_Automation_Script.utils.LoggerUtility - Entering card number
2026-08-04 16:51:00 INFO  FDA_Automation_Script.FDA_Automation_Script.utils.LoggerUtility - Card number digits to type: 16
2026-08-04 16:51:05 INFO  FDA_Automation_Script.FDA_Automation_Script.utils.LoggerUtility - Iframe field typed on attempt 1
2026-08-04 16:51:05 INFO  FDA_Automation_Script.FDA_Automation_Script.utils.LoggerUtility - Step 26-27: Entering expiration date
2026-08-04 16:51:05 INFO  FDA_Automation_Script.FDA_Automation_Script.utils.LoggerUtility - Entering expiration date: 03/30
2026-08-04 16:51:06 INFO  FDA_Automation_Script.FDA_Automation_Script.utils.LoggerUtility - Iframe field typed on attempt 1
2026-08-04 16:51:06 INFO  FDA_Automation_Script.FDA_Automation_Script.utils.LoggerUtility - Step 27-28: Entering security code
2026-08-04 16:51:06 INFO  FDA_Automation_Script.FDA_Automation_Script.utils.LoggerUtility - Entering security code
2026-08-04 16:51:07 INFO  FDA_Automation_Script.FDA_Automation_Script.utils.LoggerUtility - Iframe field typed on attempt 1
2026-08-04 16:51:07 INFO  FDA_Automation_Script.FDA_Automation_Script.utils.LoggerUtility - Completar pago button text: Completar pago (MXN$400.00)
2026-08-04 16:51:07 INFO  FDA_Automation_Script.FDA_Automation_Script.utils.LoggerUtility - Step 29: Completar pago button text: Completar pago (MXN$400.00)
2026-08-04 16:51:07 INFO  FDA_Automation_Script.FDA_Automation_Script.utils.LoggerUtility - Screenshot captured: test-output/screenshots/TC_FBO_001_INFO.png
2026-08-04 16:51:07 INFO  FDA_Automation_Script.FDA_Automation_Script.utils.LoggerUtility - Step 30: Clicking Completar pago button
2026-08-04 16:51:07 INFO  FDA_Automation_Script.FDA_Automation_Script.utils.LoggerUtility - Clicking Completar pago button
2026-08-04 16:51:16 INFO  FDA_Automation_Script.FDA_Automation_Script.utils.LoggerUtility - 3DS challenge detected, entering test password
2026-08-04 16:51:16 INFO  FDA_Automation_Script.FDA_Automation_Script.utils.LoggerUtility - 3DS challenge completed
2026-08-04 16:51:16 INFO  FDA_Automation_Script.FDA_Automation_Script.utils.LoggerUtility - Step 31: Verifying success page
2026-08-04 16:51:24 INFO  FDA_Automation_Script.FDA_Automation_Script.utils.LoggerUtility - Success page displayed: true
2026-08-04 16:51:24 INFO  FDA_Automation_Script.FDA_Automation_Script.utils.LoggerUtility - Order ID = 4000273592
2026-08-04 16:51:24 INFO  FDA_Automation_Script.FDA_Automation_Script.utils.LoggerUtility - Step 32: Order ID = 4000273592
2026-08-04 16:51:24 INFO  FDA_Automation_Script.FDA_Automation_Script.utils.LoggerUtility - Screenshot captured: test-output/screenshots/TC_FBO_001_INFO.png
2026-08-04 16:51:24 INFO  FDA_Automation_Script.FDA_Automation_Script.utils.LoggerUtility - Step 33: Clicking Mi cuenta profile icon
2026-08-04 16:51:24 INFO  FDA_Automation_Script.FDA_Automation_Script.utils.LoggerUtility - Clicking Mi cuenta profile icon
2026-08-04 16:51:24 INFO  FDA_Automation_Script.FDA_Automation_Script.utils.LoggerUtility - Step 34: Clicking Mis pedidos link
2026-08-04 16:51:24 INFO  FDA_Automation_Script.FDA_Automation_Script.utils.LoggerUtility - Clicking Mis pedidos link
2026-08-04 16:51:29 INFO  FDA_Automation_Script.FDA_Automation_Script.utils.LoggerUtility - Step 35: Verifying Mis pedidos page
2026-08-04 16:51:29 INFO  FDA_Automation_Script.FDA_Automation_Script.utils.LoggerUtility - Mis pedidos page displayed: true
2026-08-04 16:51:29 INFO  FDA_Automation_Script.FDA_Automation_Script.utils.LoggerUtility - Step 36: Verifying order ID in history: 4000273592
2026-08-04 16:51:29 INFO  FDA_Automation_Script.FDA_Automation_Script.utils.LoggerUtility - Order ID 4000273592 present in order history: true
2026-08-04 16:51:29 INFO  FDA_Automation_Script.FDA_Automation_Script.utils.LoggerUtility - FDA order status for 4000273592: Pendiente
2026-08-04 16:51:29 INFO  FDA_Automation_Script.FDA_Automation_Script.utils.LoggerUtility - Step 37: FDA order status: Pendiente
2026-08-04 16:51:30 INFO  FDA_Automation_Script.FDA_Automation_Script.utils.LoggerUtility - Screenshot captured: test-output/screenshots/TC_FBO_001_INFO.png
2026-08-04 16:51:30 INFO  FDA_Automation_Script.FDA_Automation_Script.utils.LoggerUtility - Step 38: Opening new tab for Mirakl
2026-08-04 16:51:30 INFO  FDA_Automation_Script.FDA_Automation_Script.utils.LoggerUtility - New browser tab opened. Handle: B1441ACE69849C415F697CF68E2EF873
2026-08-04 16:51:30 INFO  FDA_Automation_Script.FDA_Automation_Script.utils.LoggerUtility - Step 39: Navigating to Mirakl URL
2026-08-04 16:51:33 INFO  FDA_Automation_Script.FDA_Automation_Script.utils.LoggerUtility - Step 40-45: Logging in to Mirakl
2026-08-04 16:51:33 INFO  FDA_Automation_Script.FDA_Automation_Script.utils.LoggerUtility - Entering Mirakl email: skthakur@kognivera.com
2026-08-04 16:51:33 INFO  FDA_Automation_Script.FDA_Automation_Script.utils.LoggerUtility - Clicking Siguiente button on Mirakl login
2026-08-04 16:51:33 INFO  FDA_Automation_Script.FDA_Automation_Script.utils.LoggerUtility - Entering Mirakl password
2026-08-04 16:51:35 INFO  FDA_Automation_Script.FDA_Automation_Script.utils.LoggerUtility - Clicking Sign in button on Mirakl
2026-08-04 16:51:37 WARN  FDA_Automation_Script.FDA_Automation_Script.utils.LoggerUtility - Mirakl MFA verification required — check email 'skthakur@kognivera.com' for OTP code, enter it in the browser window, then click Continue. Test will wait up to 5 minutes...
2026-08-04 16:51:52 INFO  FDA_Automation_Script.FDA_Automation_Script.utils.LoggerUtility - Mirakl MFA verification completed — continuing.
2026-08-04 16:51:52 INFO  FDA_Automation_Script.FDA_Automation_Script.utils.LoggerUtility - Switching To Mirakl
2026-08-04 16:51:52 INFO  FDA_Automation_Script.FDA_Automation_Script.utils.LoggerUtility - Mirakl Login Successful
2026-08-04 16:51:52 INFO  FDA_Automation_Script.FDA_Automation_Script.utils.LoggerUtility - Screenshot captured: test-output/screenshots/TC_FBO_001_INFO.png
2026-08-04 16:51:52 INFO  FDA_Automation_Script.FDA_Automation_Script.utils.LoggerUtility - Step 46: Clicking Orders menu in Mirakl
2026-08-04 16:51:52 INFO  FDA_Automation_Script.FDA_Automation_Script.utils.LoggerUtility - Clicking Orders menu in Mirakl
2026-08-04 16:51:56 INFO  FDA_Automation_Script.FDA_Automation_Script.utils.LoggerUtility - Step 47: Clicking All Orders
2026-08-04 16:51:56 INFO  FDA_Automation_Script.FDA_Automation_Script.utils.LoggerUtility - Clicking All Orders link in Mirakl
2026-08-04 16:51:58 INFO  FDA_Automation_Script.FDA_Automation_Script.utils.LoggerUtility - Step 48-49: Searching for order in Mirakl: 4000273592WEB
2026-08-04 16:51:58 INFO  FDA_Automation_Script.FDA_Automation_Script.utils.LoggerUtility - Mirakl search attempt 1/5 for: 4000273592WEB
2026-08-04 16:51:58 INFO  FDA_Automation_Script.FDA_Automation_Script.utils.LoggerUtility - Searching Mirakl for order: 4000273592WEB
2026-08-04 16:52:23 INFO  FDA_Automation_Script.FDA_Automation_Script.utils.LoggerUtility - Order not in Mirakl yet (attempt 1/5)
2026-08-04 16:52:23 INFO  FDA_Automation_Script.FDA_Automation_Script.utils.LoggerUtility - Waiting 60 seconds before next search attempt...
2026-08-04 16:53:23 INFO  FDA_Automation_Script.FDA_Automation_Script.utils.LoggerUtility - Clicking All Orders link in Mirakl
2026-08-04 16:53:24 INFO  FDA_Automation_Script.FDA_Automation_Script.utils.LoggerUtility - Mirakl search attempt 2/5 for: 4000273592WEB
2026-08-04 16:53:24 INFO  FDA_Automation_Script.FDA_Automation_Script.utils.LoggerUtility - Searching Mirakl for order: 4000273592WEB
2026-08-04 16:53:45 INFO  FDA_Automation_Script.FDA_Automation_Script.utils.LoggerUtility - Order not in Mirakl yet (attempt 2/5)
2026-08-04 16:53:45 INFO  FDA_Automation_Script.FDA_Automation_Script.utils.LoggerUtility - Waiting 60 seconds before next search attempt...
2026-08-04 16:54:45 INFO  FDA_Automation_Script.FDA_Automation_Script.utils.LoggerUtility - Clicking All Orders link in Mirakl
2026-08-04 16:54:46 INFO  FDA_Automation_Script.FDA_Automation_Script.utils.LoggerUtility - Mirakl search attempt 3/5 for: 4000273592WEB
2026-08-04 16:54:46 INFO  FDA_Automation_Script.FDA_Automation_Script.utils.LoggerUtility - Searching Mirakl for order: 4000273592WEB
2026-08-04 16:54:55 INFO  FDA_Automation_Script.FDA_Automation_Script.utils.LoggerUtility - Order found in Mirakl on attempt 3
2026-08-04 16:54:56 INFO  FDA_Automation_Script.FDA_Automation_Script.utils.LoggerUtility - Screenshot captured: test-output/screenshots/TC_FBO_001_INFO.png
2026-08-04 16:54:56 INFO  FDA_Automation_Script.FDA_Automation_Script.utils.LoggerUtility - Step 51: Clicking on order in Mirakl list
2026-08-04 16:54:56 INFO  FDA_Automation_Script.FDA_Automation_Script.utils.LoggerUtility - Clicking order in Mirakl list: 4000273592
2026-08-04 16:54:57 INFO  FDA_Automation_Script.FDA_Automation_Script.utils.LoggerUtility - Mirakl order total: MX$400.00
2026-08-04 16:54:57 INFO  FDA_Automation_Script.FDA_Automation_Script.utils.LoggerUtility - Step 52: Mirakl order total: MX$400.00 | FDA order total: $400.00
2026-08-04 16:54:57 INFO  FDA_Automation_Script.FDA_Automation_Script.utils.LoggerUtility - Mirakl Status = Pending acceptance
2026-08-04 16:54:57 INFO  FDA_Automation_Script.FDA_Automation_Script.utils.LoggerUtility - Step 53: Mirakl Status = Pending acceptance
2026-08-04 16:54:57 INFO  FDA_Automation_Script.FDA_Automation_Script.utils.LoggerUtility - Screenshot captured: test-output/screenshots/TC_FBO_001_INFO.png
2026-08-04 16:54:57 INFO  FDA_Automation_Script.FDA_Automation_Script.utils.LoggerUtility - Step 54: Accepting the order in Mirakl
2026-08-04 16:54:57 INFO  FDA_Automation_Script.FDA_Automation_Script.utils.LoggerUtility - Clicking Accept button on Mirakl order detail
2026-08-04 16:55:02 INFO  FDA_Automation_Script.FDA_Automation_Script.utils.LoggerUtility - Mirakl order accepted — status updated to Awaiting shipment
2026-08-04 16:55:02 INFO  FDA_Automation_Script.FDA_Automation_Script.utils.LoggerUtility - Step 54a: Refreshing Mirakl order details page after acceptance
2026-08-04 16:55:02 INFO  FDA_Automation_Script.FDA_Automation_Script.utils.LoggerUtility - Refreshing page...
2026-08-04 16:55:08 INFO  FDA_Automation_Script.FDA_Automation_Script.utils.LoggerUtility - Page refresh complete. Element visible.
2026-08-04 16:55:08 INFO  FDA_Automation_Script.FDA_Automation_Script.utils.LoggerUtility - Mirakl Status = Awaiting shipment
2026-08-04 16:55:08 INFO  FDA_Automation_Script.FDA_Automation_Script.utils.LoggerUtility - Step 55: Mirakl Status = Awaiting shipment
2026-08-04 16:55:08 INFO  FDA_Automation_Script.FDA_Automation_Script.utils.LoggerUtility - Screenshot captured: test-output/screenshots/TC_FBO_001_INFO.png
2026-08-04 16:55:08 INFO  FDA_Automation_Script.FDA_Automation_Script.utils.LoggerUtility - ========== Order Accepted ==========
2026-08-04 16:55:08 INFO  FDA_Automation_Script.FDA_Automation_Script.utils.LoggerUtility - ========== Kibo Authentication ==========
2026-08-04 16:55:08 INFO  FDA_Automation_Script.FDA_Automation_Script.utils.LoggerUtility - ========== Kibo Authentication ==========
2026-08-04 16:55:08 INFO  FDA_Automation_Script.FDA_Automation_Script.utils.LoggerUtility - Calling Kibo Auth API: https://t1000490-s1000992.sb.usc1.gcp.kibocommerce.com/api/platform/applications/authtickets/oauth
2026-08-04 16:55:12 INFO  FDA_Automation_Script.FDA_Automation_Script.utils.LoggerUtility - Kibo Auth Response Status : 200
2026-08-04 16:55:12 INFO  FDA_Automation_Script.FDA_Automation_Script.utils.LoggerUtility - Kibo Auth Response Body   : {"access_token":"eyJhbGciOiJIUzI1NiIsImtpZCI6IjN3TlR3TkdPS2hldyt1OWFaR3BPOGc9PSIsInR5cCI6IkpXVCJ9.eyJodHRwczovL3d3dy5raWJvY29tbWVyY2UuY29tL2FwcF9jbGFpbXMiOnsic3NsIjoiMCIsImVudCI6IjAiLCJtdHIiOiIwIiwidWMiOiIwIiwicm5kIjo3NTk1MDAxOSwiYWlkIjoiMTJkNGUyZWE3NWMzNDlkYTgxNDVkMmY2NjFlYmRkYWUiLCJha2V5IjoiYWp5a3dwZ3guQVBJX0Nvbm5lY3Rvci4xLjAuMC5SZWxlYXNlIiwiYnYiOlswLDIxMzE3MDQ2MDYsNSwyNjg0MTgzMDMsMSwyMDc4OTQ4OTI2LDIsMTA0MDI1Mjg2MiwzLDUyODIzNjAzMiw2LC02ODczOTQ3ODYsNywtODA1MzA2MzY5LDgsLTYyOTE0NTYxLDksLTEsMTAsNjU1MzVdLCJleHAiOiIyMDI2LTA4LTA0VDEyOjI1OjEyIiwiZW52IjoiZ2NwMSIsImIuQXBwTmFtZSI6IkFQSSBDb25uZWN0b3IifSwibmJmIjoxNzg1ODQyNzEyLCJleHAiOjE3ODU4NDYzMTIsImlhdCI6MTc4NTg0MjcxMiwiaXNzIjoiaHR0cHM6Ly93d3cua2lib2NvbW1lcmNlLmNvbSIsImF1ZCI6Imh0dHBzOi8vd3d3LmtpYm9jb21tZXJjZS5jb20ifQ.luaZU2zwUXeGrKPknK7fJ_rThNM9GGEG2d0OaL8l8yo","token_type":"bearer","expires_in":3599,"refresh_token":"18b2db932bb4409499cd6cc3d2b62fb1"}
2026-08-04 16:55:13 INFO  FDA_Automation_Script.FDA_Automation_Script.utils.LoggerUtility - Authentication Successful
2026-08-04 16:55:13 INFO  FDA_Automation_Script.FDA_Automation_Script.utils.LoggerUtility - Access Token Generated
2026-08-04 16:55:13 INFO  FDA_Automation_Script.FDA_Automation_Script.utils.LoggerUtility - ========== Get Orders ==========
2026-08-04 16:55:13 INFO  FDA_Automation_Script.FDA_Automation_Script.utils.LoggerUtility - Searching externalId: 4000273592WEB
2026-08-04 16:55:13 INFO  FDA_Automation_Script.FDA_Automation_Script.utils.LoggerUtility - ========== Get Orders ==========
2026-08-04 16:55:13 INFO  FDA_Automation_Script.FDA_Automation_Script.utils.LoggerUtility - Calling Kibo Get All Orders API: https://t1000490-s1000992.sb.usc1.gcp.kibocommerce.com/api/commerce/orders/
2026-08-04 16:55:13 INFO  FDA_Automation_Script.FDA_Automation_Script.utils.LoggerUtility - Searching externalId: 4000273592WEB
2026-08-04 16:55:15 INFO  FDA_Automation_Script.FDA_Automation_Script.utils.LoggerUtility - Get All Orders Response Status : 200
2026-08-04 16:55:16 INFO  FDA_Automation_Script.FDA_Automation_Script.utils.LoggerUtility - Total orders returned: 200
2026-08-04 16:55:16 INFO  FDA_Automation_Script.FDA_Automation_Script.utils.LoggerUtility - Matching Order Found
2026-08-04 16:55:16 INFO  FDA_Automation_Script.FDA_Automation_Script.utils.LoggerUtility - Kibo Order ID : 1b7229bd1bab2700014d7bb0000f442a
2026-08-04 16:55:16 INFO  FDA_Automation_Script.FDA_Automation_Script.utils.LoggerUtility - Kibo Order ID : 1b7229bd1bab2700014d7bb0000f442a
2026-08-04 16:55:16 INFO  FDA_Automation_Script.FDA_Automation_Script.utils.LoggerUtility - ========== Get Shipment Details ==========
2026-08-04 16:55:16 INFO  FDA_Automation_Script.FDA_Automation_Script.utils.LoggerUtility - Polling Kibo Get Shipment Details (30s interval, up to 10 min)...
2026-08-04 16:55:16 INFO  FDA_Automation_Script.FDA_Automation_Script.utils.LoggerUtility - Kibo shipment data poll attempt 1/20
2026-08-04 16:55:16 INFO  FDA_Automation_Script.FDA_Automation_Script.utils.LoggerUtility - ========== Get Shipments by Order ID ==========
2026-08-04 16:55:16 INFO  FDA_Automation_Script.FDA_Automation_Script.utils.LoggerUtility - Calling Kibo Get Shipments API: https://t1000490-s1000992.sb.usc1.gcp.kibocommerce.com/api/commerce/shipments filter=orderId==1b7229bd1bab2700014d7bb0000f442a
2026-08-04 16:55:16 INFO  FDA_Automation_Script.FDA_Automation_Script.utils.LoggerUtility - Get Shipments by OrderId Status : 200
2026-08-04 16:55:16 INFO  FDA_Automation_Script.FDA_Automation_Script.utils.LoggerUtility - Get Shipments by OrderId Body   : {"_embedded":{"shipments":[{"shipmentNumber":32242,"orderId":"1b7229bd1bab2700014d7bb0000f442a","orderNumber":28888,"orderSubmitDate":"2026-08-04T11:24:05.366Z","externalOrderId":"4000273592WEB","customerAccountId":1047,"tenantId":1000490,"siteId":1000992,"shipmentType":"STH","shipmentStatus":"READY","fulfillmentLocationCode":"2201","assignedLocationCode":"2201","workflowProcessId":"FDA_Custom_STH_WF_V1.0","workflowProcessContainerId":"KUPT.kibo-fulfillment-workflows-fda","shipmentAdjustment":0.0,"lineItemSubtotal":400.0,"lineItemTaxAdjustment":0.0,"lineItemTaxTotal":0.0,"lineItemTotal":400.0,"shippingAdjustment":0.0,"shippingSubtotal":0.0,"shippingTaxAdjustment":0.0,"shippingTaxTotal":0.0,"shippingTotal":0.0,"handlingAdjustment":0.0,"handlingSubtotal":0.0,"handlingTaxAdjustment":0.0,"handlingTaxTotal":0.0,"handlingTotal":0.0,"dutyAdjustment":0.0,"dutyTotal":0.0,"total":400.0,"currencyCode":"MXN","destination":{"destinationContact":{"address":{"address1":"Calles Loren","address2":"12","cityOrTown":"Ciudad de México","countryCode":"MX","isValidated":false,"postalOrZipCode":"03610","stateOrProvince":"Ciudad de México"},"email":"mgowda@kognivera.com","firstName":"Mithu","lastNameOrSurname":"Gowda","shortFullName":"Mithu Gowda","fullName":"Mithu Gowda","phoneNumbers":{"mobile":"7022499246"}},"isDestinationCommercial":false},"customer":{"customerContact":{"address":{"address1":"Calles Loren","address2":"12","cityOrTown":"Ciudad de México","countryCode":"MX","isValidated":false,"postalOrZipCode":"03610","stateOrProvince":"Ciudad de México"},"email":"mgowda@kognivera.com","firstName":"Mithu","lastNameOrSurname":"Gowda","shortFullName":"Mithu Gowda","fullName":"Mithu Gowda","phoneNumbers":{"mobile":"7022499246"}}},"shippingMethodCode":"FDA Flat Rate","items":[{"attributes":{"Capacity":0,"Count":0},"lineId":1,"originalOrderItemId":"314073284a6d48198878b49c00bbc7f8","goodsType":"Physical","productCode":"78078094202","quantity":1,"transferQuantity":0,"imageUrl":"https://staging-media.fahorro.com/media/catalog/product/8/1/81a8ed61a45982c4.jpg?optimize=medium&fit=bounds&height=&width=","name":"Diamond Eye Combo Pack Monthly Color Contact Lenses113","upc":"78078094202","allowsBackOrder":false,"unitPrice":400.0,"isTaxable":false,"actualPrice":400.0,"itemDiscount":0.0,"lineItemCost":400.0,"itemTax":0.0,"shipping":0.0,"shippingDiscount":0.0,"shippingTax":0.0,"handling":0.0,"handlingDiscount":0.0,"handlingTax":0.0,"duty":0.0,"weightedShipmentAdjustment":0.0,"weightedLineItemTaxAdjustment":0.0,"weightedShippingAdjustment":0.0,"weightedShippingTaxAdjustment":0.0,"weightedHandlingAdjustment":0.0,"weightedHandlingTaxAdjustment":0.0,"weightedDutyAdjustment":0.0,"weightedOrderHandlingFee":0.0,"weightedOrderHandlingFeeTax":0.0,"weightedOrderHandlingFeeDiscount":0.0,"taxableShipping":0.0,"taxableLineItemCost":400.0,"taxableHandling":0.0,"data":{"edd":"2026-08-07T00:02:00Z","backOrder":"false","deliveryType":"FBO","fulfillmentLocationCode":"2201"},"auditInfo":{"updateDate":"2026-08-04T11:24:06Z","createDate":"2026-08-04T11:24:05Z","updateBy":"2CC1D66690B6427698BA2D374AEBC96D","createBy":"2CC1D66690B6427698BA2D374AEBC96D"},"options":[],"manageStock":true,"creditValue":400.0,"isAssemblyRequired":false,"allowsFutureAllocate":false,"isReservedInventory":false,"originalQuantity":1,"priceMode":"Internal"}],"canceledItems":[],"reassignedItems":[],"rejectedItems":[],"transferredItems":[],"packages":[],"workflowState":{"shipmentState":"ACCEPTED_SHIPMENT","taskList":[{"name":"Accept Shipment","subject":"","inputs":[{"name":"shipmentAccepted","type":"BOOLEAN"}],"active":false,"completed":true,"completedDate":"2026-08-04T11:25:05.746Z","activeDate":"2026-08-04T11:24:05.974Z","completedDurationMillis":59772,"_links":{}},{"taskId":"493890","name":"Validate Items In Stock","subject":"","description":"Validate stock","skippable":true,"inputs":[{"name":"createTransfer","type":"BOOLEAN"},{"name":"stockLevel","type":"STRING"}],"active":true,"completed":false,"activeDate":"2026-08-04T11:25:05.761Z","_links":{"skip":{"href":"https://t1000490-s1000992.sb.usc1.gcp.kibocommerce.com/api/commerce/shipments/32242/tasks/Validate%20Items%20In%20Stock/skipped","method":"PUT"},"execute":{"href":"https://t1000490-s1000992.sb.usc1.gcp.kibocommerce.com/api/commerce/shipments/32242/tasks/Validate%20Items%20In%20Stock/completed","method":"PUT"}}},{"name":"Wait for Transfer","subject":"Wait for Transfer","inputs":[],"active":false,"completed":false,"_links":{}},{"name":"Print Packing Slip","subject":"","inputs":[{"name":"back","type":"BOOLEAN"}],"active":false,"completed":false,"_links":{}},{"name":"Prepare for Shipment","subject":"","inputs":[{"name":"canceled","type":"BOOLEAN"},{"name":"back","type":"BOOLEAN"}],"active":false,"completed":false,"_links":{}},{"name":"Dispatched","subject":"","inputs":[],"active":false,"completed":false,"_links":{}}],"activeTaskName":"Validate Items In Stock","processInstanceId":"317217","auditInfo":{"updateDate":"2026-08-04T11:25:16Z","createDate":"2026-08-04T11:24:05Z","updateBy":"12d4e2ea75c349da8145d2f661ebddae","createBy":"2CC1D66690B6427698BA2D374AEBC96D"},"variables":{"initiator":{"name":"initiator","oldValue":"","value":"wbadmin","updateDate":"2026-08-04T11:24:05Z"},"currentState":{"name":"currentState","oldValue":"PRE_ACCEPT_SHIPMENT","value":"ACCEPTED_SHIPMENT","updateDate":"2026-08-04T11:25:05Z"},"shipmentAccepted":{"name":"shipmentAccepted","oldValue":"","value":"true","updateDate":"2026-08-04T11:25:05Z"}}},"changeMessages":[{"changeMessageId":"6a71cbd686c0165dcc378fcf","appId":"2CC1D66690B6427698BA2D374AEBC96D","appKey":"mozu.CommerceRuntimeOrderQueueService.2628.0.0.Release","createdDate":"2026-08-04T11:24:06.421Z","correlationId":"57ae3489c9d44690a9340c4be8da7c3b","message":"'workflowState.shipmentState' value changed from '' to 'PRE_ACCEPT_SHIPMENT'","oldValue":"null","newValue":"PRE_ACCEPT_SHIPMENT","subject":"shipmentState","userId":"2CC1D66690B6427698BA2D374AEBC96D"},{"changeMessageId":"6a71cbd686c0165dcc378fd0","appId":"2CC1D66690B6427698BA2D374AEBC96D","appKey":"mozu.CommerceRuntimeOrderQueueService.2628.0.0.Release","createdDate":"2026-08-04T11:24:06.421Z","correlationId":"57ae3489c9d44690a9340c4be8da7c3b","message":"'workflowState.activeTaskName' value changed from '' to 'Accept Shipment'","oldValue":"null","newValue":"Accept Shipment","subject":"activeTaskName","userId":"2CC1D66690B6427698BA2D374AEBC96D"},{"changeMessageId":"6a71cbd686c0165dcc378fd1","appId":"2CC1D66690B6427698BA2D374AEBC96D","appKey":"mozu.CommerceRuntimeOrderQueueService.2628.0.0.Release","createdDate":"2026-08-04T11:24:06.421Z","correlationId":"57ae3489c9d44690a9340c4be8da7c3b","message":"'shipmentStatus' value changed from '' to 'READY'","oldValue":"null","newValue":"READY","subject":"shipmentStatus","userId":"2CC1D66690B6427698BA2D374AEBC96D"},{"changeMessageId":"6a71cbd686c0165dcc378fd2","appId":"2CC1D66690B6427698BA2D374AEBC96D","appKey":"mozu.CommerceRuntimeOrderQueueService.2628.0.0.Release","createdDate":"2026-08-04T11:24:06.421Z","correlationId":"57ae3489c9d44690a9340c4be8da7c3b","message":"Shipment [32242] created","userId":"2CC1D66690B6427698BA2D374AEBC96D"},{"changeMessageId":"6a71cc11db3997534d805487","appId":"12d4e2ea75c349da8145d2f661ebddae","appKey":"ajykwpgx.API_Connector.1.0.0.Release","createdDate":"2026-08-04T11:25:05.963Z","correlationId":"001299e5b6d24971858ffc1a71040567","message":"'workflowState/variables/currentState.oldValue' value changed from '' to 'PRE_ACCEPT_SHIPMENT'","oldValue":"","newValue":"PRE_ACCEPT_SHIPMENT","subject":"oldValue","userId":"12d4e2ea75c349da8145d2f661ebddae"},{"changeMessageId":"6a71cc11db3997534d805488","appId":"12d4e2ea75c349da8145d2f661ebddae","appKey":"ajykwpgx.API_Connector.1.0.0.Release","createdDate":"2026-08-04T11:25:05.964Z","correlationId":"001299e5b6d24971858ffc1a71040567","message":"'workflowState/variables/currentState.value' value changed from 'PRE_ACCEPT_SHIPMENT' to 'ACCEPTED_SHIPMENT'","oldValue":"PRE_ACCEPT_SHIPMENT","newValue":"ACCEPTED_SHIPMENT","subject":"value","userId":"12d4e2ea75c349da8145d2f661ebddae"},{"changeMessageId":"6a71cc11db3997534d805489","appId":"12d4e2ea75c349da8145d2f661ebddae","appKey":"ajykwpgx.API_Connector.1.0.0.Release","createdDate":"2026-08-04T11:25:05.964Z","correlationId":"001299e5b6d24971858ffc1a71040567","message":"'workflowState/variables/currentState.updateDate' value changed from 'Tue Aug 04 11:24:05 UTC 2026' to 'Tue Aug 04 11:25:05 UTC 2026'","oldValue":"Tue Aug 04 11:24:05 UTC 2026","newValue":"Tue Aug 04 11:25:05 UTC 2026","subject":"updateDate","userId":"12d4e2ea75c349da8145d2f661ebddae"},{"changeMessageId":"6a71cc11db3997534d80548a","appId":"12d4e2ea75c349da8145d2f661ebddae","appKey":"ajykwpgx.API_Connector.1.0.0.Release","createdDate":"2026-08-04T11:25:05.964Z","correlationId":"001299e5b6d24971858ffc1a71040567","message":"'versionHash' value changed from '32452838' to '-419896078'","oldValue":"32452838","newValue":"-419896078","subject":"versionHash","userId":"12d4e2ea75c349da8145d2f661ebddae"},{"changeMessageId":"6a71cc11db3997534d80548b","appId":"12d4e2ea75c349da8145d2f661ebddae","appKey":"ajykwpgx.API_Connector.1.0.0.Release","createdDate":"2026-08-04T11:25:05.964Z","correlationId":"001299e5b6d24971858ffc1a71040567","message":"'lastModifiedDate' value changed from '2026-08-04T11:24:06.423Z' to '2026-08-04T11:25:05.957663Z'","oldValue":"2026-08-04T11:24:06.423Z","newValue":"2026-08-04T11:25:05.957663Z","subject":"lastModifiedDate","userId":"12d4e2ea75c349da8145d2f661ebddae"},{"changeMessageId":"6a71cc11db3997534d80548c","appId":"12d4e2ea75c349da8145d2f661ebddae","appKey":"ajykwpgx.API_Connector.1.0.0.Release","createdDate":"2026-08-04T11:25:05.964Z","correlationId":"001299e5b6d24971858ffc1a71040567","message":"'readyToCapture' value changed from 'false' to 'true'","oldValue":"false","newValue":"true","subject":"readyToCapture","userId":"12d4e2ea75c349da8145d2f661ebddae"},{"changeMessageId":"6a71cc11db3997534d80548d","appId":"12d4e2ea75c349da8145d2f661ebddae","appKey":"ajykwpgx.API_Connector.1.0.0.Release","createdDate":"2026-08-04T11:25:05.964Z","correlationId":"001299e5b6d24971858ffc1a71040567","message":"'workflowState.shipmentState' value changed from 'PRE_ACCEPT_SHIPMENT' to 'ACCEPTED_SHIPMENT'","oldValue":"PRE_ACCEPT_SHIPMENT","newValue":"ACCEPTED_SHIPMENT","subject":"shipmentState","userId":"12d4e2ea75c349da8145d2f661ebddae"},{"changeMessageId":"6a71cc11db3997534d80548e","appId":"12d4e2ea75c349da8145d2f661ebddae","appKey":"ajykwpgx.API_Connector.1.0.0.Release","createdDate":"2026-08-04T11:25:05.964Z","correlationId":"001299e5b6d24971858ffc1a71040567","message":"'workflowState.activeTaskName' value changed from 'Accept Shipment' to 'Validate Items In Stock'","oldValue":"Accept Shipment","newValue":"Validate Items In Stock","subject":"activeTaskName","userId":"12d4e2ea75c349da8145d2f661ebddae"},{"changeMessageId":"6a71cc11db3997534d80548f","appId":"12d4e2ea75c349da8145d2f661ebddae","appKey":"ajykwpgx.API_Connector.1.0.0.Release","createdDate":"2026-08-04T11:25:05.964Z","correlationId":"001299e5b6d24971858ffc1a71040567","message":"'workflowState.variables' map changes :\n  'shipmentAccepted' -> 'Shipment/6a71cbd586c0165dcc378f52#workflowState/variables/shipmentAccepted' added","subject":"variables","userId":"12d4e2ea75c349da8145d2f661ebddae"},{"changeMessageId":"6a71cc11db3997534d80549e","appId":"12d4e2ea75c349da8145d2f661ebddae","appKey":"ajykwpgx.API_Connector.1.0.0.Release","createdDate":"2026-08-04T11:25:05.975Z","correlationId":"001299e5b6d24971858ffc1a71040567","message":"'acceptedDate' value changed from '' to '2026-08-04T11:25:05.972686Z'","oldValue":"null","newValue":"2026-08-04T11:25:05.972686Z","subject":"acceptedDate","userId":"12d4e2ea75c349da8145d2f661ebddae"},{"changeMessageId":"6a71cc11db3997534d80549f","appId":"12d4e2ea75c349da8145d2f661ebddae","appKey":"ajykwpgx.API_Connector.1.0.0.Release","createdDate":"2026-08-04T11:25:05.976Z","correlationId":"001299e5b6d24971858ffc1a71040567","message":"'lastModifiedDate' value changed from '2026-08-04T11:25:05.966Z' to '2026-08-04T11:25:05.966633Z'","oldValue":"2026-08-04T11:25:05.966Z","newValue":"2026-08-04T11:25:05.966633Z","subject":"lastModifiedDate","userId":"12d4e2ea75c349da8145d2f661ebddae"},{"changeMessageId":"6a71cc1cdb3997534d806117","appId":"12d4e2ea75c349da8145d2f661ebddae","appKey":"ajykwpgx.API_Connector.1.0.0.Release","createdDate":"2026-08-04T11:25:16.004Z","correlationId":"478877b82996400cb43a89c8addef890","message":"'shipmentNotes' collection changes :\n  0. 'ShipmentNote/2026-08-04T05:25:15.776442082' added","subject":"shipmentNotes","userId":"12d4e2ea75c349da8145d2f661ebddae"}],"email":"mgowda@kognivera.com","acceptedDate":"2026-08-04T11:25:05.972Z","isExpress":false,"auditInfo":{"updateDate":"2026-08-04T11:25:16Z","createDate":"2026-08-04T11:24:05Z","updateBy":"12d4e2ea75c349da8145d2f661ebddae","createBy":"2CC1D66690B6427698BA2D374AEBC96D"},"readyToCapture":true,"isOptInForSms":false,"shopperNotes":{},"shipmentNotes":[{"noteId":"2026-08-04T05:25:15.776442082","noteText":"Create Shipment API returned status: Best Quotation Error: EnvioClick No Rates Found:Skydropx No Rates Found","username":"12d4e2ea75c349da8145d2f661ebddae","role":"Manager","auditInfo":{"updateDate":"2026-08-04T11:25:15Z","createDate":"2026-08-04T11:25:15Z","updateBy":"12d4e2ea75c349da8145d2f661ebddae","createBy":"12d4e2ea75c349da8145d2f661ebddae"}}],"isAutoAssigned":true,"isHistoricalImport":false,"substitutedItems":[],"orderType":"Online","workflowProcessVersion":"1.2518.0","isFlatRateShipping":true,"slas":[],"shipmentGroup":"group-2201-2026-08-07T00:02:00Z","groupId":"778a347050a2f94f89b76e0595437990","carrier":"FDA Flat Rate","shipmentAttributes":[],"_links":{"self":{"href":"https://t1000490-s1000992.sb.usc1.gcp.kibocommerce.com/api/commerce/shipments/32242"},"shipments":{"href":"https://t1000490-s1000992.sb.usc1.gcp.kibocommerce.com/api/commerce/shipments"},"tasks":{"href":"https://t1000490-s1000992.sb.usc1.gcp.kibocommerce.com/api/commerce/shipments/32242/tasks"},"workflowInstanceImage":{"href":"https://t1000490-s1000992.sb.usc1.gcp.kibocommerce.com/api/commerce/shipments/32242/workflow-instance-image"},"backorder":{"href":"https://t1000490-s1000992.sb.usc1.gcp.kibocommerce.com/api/commerce/shipments/32242/backordered","method":"POST"},"backorderItems":{"href":"https://t1000490-s1000992.sb.usc1.gcp.kibocommerce.com/api/commerce/shipments/32242/backorderedItems","method":"POST"},"reject":{"href":"https://t1000490-s1000992.sb.usc1.gcp.kibocommerce.com/api/commerce/shipments/32242/rejected","method":"PUT"},"rejectItems":{"href":"https://t1000490-s1000992.sb.usc1.gcp.kibocommerce.com/api/commerce/shipments/32242/rejectedItems","method":"PUT"},"cancel":{"href":"https://t1000490-s1000992.sb.usc1.gcp.kibocommerce.com/api/commerce/shipments/32242/canceled","method":"PUT"},"fulfill":{"href":"https://t1000490-s1000992.sb.usc1.gcp.kibocommerce.com/api/commerce/shipments/32242/fulfilled","method":"PUT"},"reassign":{"href":"https://t1000490-s1000992.sb.usc1.gcp.kibocommerce.com/api/commerce/shipments/32242/reassigned","method":"PUT"},"reassignItems":{"href":"https://t1000490-s1000992.sb.usc1.gcp.kibocommerce.com/api/commerce/shipments/32242/reassignedItems","method":"PUT"},"cancelItems":{"href":"https://t1000490-s1000992.sb.usc1.gcp.kibocommerce.com/api/commerce/shipments/32242/canceledItems","method":"PUT"}}}]},"_links":{"self":{"href":"https://t1000490-s1000992.sb.usc1.gcp.kibocommerce.com/api/commerce/shipments?filter=orderId%3D%3D1b7229bd1bab2700014d7bb0000f442a&page=0&pageSize=200"}},"page":{"size":200,"totalElements":1,"totalPages":1,"number":0}}
2026-08-04 16:55:16 INFO  FDA_Automation_Script.FDA_Automation_Script.utils.LoggerUtility - 3PL data not ready — deliveryPartner='', tplShipmentId=''. Waiting 30s...
2026-08-04 16:55:46 INFO  FDA_Automation_Script.FDA_Automation_Script.utils.LoggerUtility - Kibo shipment data poll attempt 2/20
2026-08-04 16:55:46 INFO  FDA_Automation_Script.FDA_Automation_Script.utils.LoggerUtility - ========== Get Shipments by Order ID ==========
2026-08-04 16:55:46 INFO  FDA_Automation_Script.FDA_Automation_Script.utils.LoggerUtility - Calling Kibo Get Shipments API: https://t1000490-s1000992.sb.usc1.gcp.kibocommerce.com/api/commerce/shipments filter=orderId==1b7229bd1bab2700014d7bb0000f442a
2026-08-04 16:55:47 INFO  FDA_Automation_Script.FDA_Automation_Script.utils.LoggerUtility - Get Shipments by OrderId Status : 200
2026-08-04 16:55:47 INFO  FDA_Automation_Script.FDA_Automation_Script.utils.LoggerUtility - Get Shipments by OrderId Body   : {"_embedded":{"shipments":[{"shipmentNumber":32242,"orderId":"1b7229bd1bab2700014d7bb0000f442a","orderNumber":28888,"orderSubmitDate":"2026-08-04T11:24:05.366Z","externalOrderId":"4000273592WEB","customerAccountId":1047,"tenantId":1000490,"siteId":1000992,"shipmentType":"STH","shipmentStatus":"READY","fulfillmentLocationCode":"2201","assignedLocationCode":"2201","workflowProcessId":"FDA_Custom_STH_WF_V1.0","workflowProcessContainerId":"KUPT.kibo-fulfillment-workflows-fda","shipmentAdjustment":0.0,"lineItemSubtotal":400.0,"lineItemTaxAdjustment":0.0,"lineItemTaxTotal":0.0,"lineItemTotal":400.0,"shippingAdjustment":0.0,"shippingSubtotal":0.0,"shippingTaxAdjustment":0.0,"shippingTaxTotal":0.0,"shippingTotal":0.0,"handlingAdjustment":0.0,"handlingSubtotal":0.0,"handlingTaxAdjustment":0.0,"handlingTaxTotal":0.0,"handlingTotal":0.0,"dutyAdjustment":0.0,"dutyTotal":0.0,"total":400.0,"currencyCode":"MXN","destination":{"destinationContact":{"address":{"address1":"Calles Loren","address2":"12","cityOrTown":"Ciudad de México","countryCode":"MX","isValidated":false,"postalOrZipCode":"03610","stateOrProvince":"Ciudad de México"},"email":"mgowda@kognivera.com","firstName":"Mithu","lastNameOrSurname":"Gowda","shortFullName":"Mithu Gowda","fullName":"Mithu Gowda","phoneNumbers":{"mobile":"7022499246"}},"isDestinationCommercial":false},"customer":{"customerContact":{"address":{"address1":"Calles Loren","address2":"12","cityOrTown":"Ciudad de México","countryCode":"MX","isValidated":false,"postalOrZipCode":"03610","stateOrProvince":"Ciudad de México"},"email":"mgowda@kognivera.com","firstName":"Mithu","lastNameOrSurname":"Gowda","shortFullName":"Mithu Gowda","fullName":"Mithu Gowda","phoneNumbers":{"mobile":"7022499246"}}},"shippingMethodCode":"FDA Flat Rate","items":[{"attributes":{"Capacity":0,"Count":0},"lineId":1,"originalOrderItemId":"314073284a6d48198878b49c00bbc7f8","goodsType":"Physical","productCode":"78078094202","quantity":1,"transferQuantity":0,"imageUrl":"https://staging-media.fahorro.com/media/catalog/product/8/1/81a8ed61a45982c4.jpg?optimize=medium&fit=bounds&height=&width=","name":"Diamond Eye Combo Pack Monthly Color Contact Lenses113","upc":"78078094202","allowsBackOrder":false,"unitPrice":400.0,"isTaxable":false,"actualPrice":400.0,"itemDiscount":0.0,"lineItemCost":400.0,"itemTax":0.0,"shipping":0.0,"shippingDiscount":0.0,"shippingTax":0.0,"handling":0.0,"handlingDiscount":0.0,"handlingTax":0.0,"duty":0.0,"weightedShipmentAdjustment":0.0,"weightedLineItemTaxAdjustment":0.0,"weightedShippingAdjustment":0.0,"weightedShippingTaxAdjustment":0.0,"weightedHandlingAdjustment":0.0,"weightedHandlingTaxAdjustment":0.0,"weightedDutyAdjustment":0.0,"weightedOrderHandlingFee":0.0,"weightedOrderHandlingFeeTax":0.0,"weightedOrderHandlingFeeDiscount":0.0,"taxableShipping":0.0,"taxableLineItemCost":400.0,"taxableHandling":0.0,"data":{"edd":"2026-08-07T00:02:00Z","backOrder":"false","deliveryType":"FBO","fulfillmentLocationCode":"2201"},"auditInfo":{"updateDate":"2026-08-04T11:24:06Z","createDate":"2026-08-04T11:24:05Z","updateBy":"2CC1D66690B6427698BA2D374AEBC96D","createBy":"2CC1D66690B6427698BA2D374AEBC96D"},"options":[],"manageStock":true,"creditValue":400.0,"isAssemblyRequired":false,"allowsFutureAllocate":false,"isReservedInventory":false,"originalQuantity":1,"priceMode":"Internal"}],"canceledItems":[],"reassignedItems":[],"rejectedItems":[],"transferredItems":[],"packages":[],"workflowState":{"shipmentState":"ACCEPTED_SHIPMENT","taskList":[{"name":"Accept Shipment","subject":"","inputs":[{"name":"shipmentAccepted","type":"BOOLEAN"}],"active":false,"completed":true,"completedDate":"2026-08-04T11:25:05.746Z","activeDate":"2026-08-04T11:24:05.974Z","completedDurationMillis":59772,"_links":{}},{"taskId":"493890","name":"Validate Items In Stock","subject":"","description":"Validate stock","skippable":true,"inputs":[{"name":"createTransfer","type":"BOOLEAN"},{"name":"stockLevel","type":"STRING"}],"active":true,"completed":false,"activeDate":"2026-08-04T11:25:05.761Z","_links":{"skip":{"href":"https://t1000490-s1000992.sb.usc1.gcp.kibocommerce.com/api/commerce/shipments/32242/tasks/Validate%20Items%20In%20Stock/skipped","method":"PUT"},"execute":{"href":"https://t1000490-s1000992.sb.usc1.gcp.kibocommerce.com/api/commerce/shipments/32242/tasks/Validate%20Items%20In%20Stock/completed","method":"PUT"}}},{"name":"Wait for Transfer","subject":"Wait for Transfer","inputs":[],"active":false,"completed":false,"_links":{}},{"name":"Print Packing Slip","subject":"","inputs":[{"name":"back","type":"BOOLEAN"}],"active":false,"completed":false,"_links":{}},{"name":"Prepare for Shipment","subject":"","inputs":[{"name":"canceled","type":"BOOLEAN"},{"name":"back","type":"BOOLEAN"}],"active":false,"completed":false,"_links":{}},{"name":"Dispatched","subject":"","inputs":[],"active":false,"completed":false,"_links":{}}],"activeTaskName":"Validate Items In Stock","processInstanceId":"317217","auditInfo":{"updateDate":"2026-08-04T11:25:16Z","createDate":"2026-08-04T11:24:05Z","updateBy":"12d4e2ea75c349da8145d2f661ebddae","createBy":"2CC1D66690B6427698BA2D374AEBC96D"},"variables":{"initiator":{"name":"initiator","oldValue":"","value":"wbadmin","updateDate":"2026-08-04T11:24:05Z"},"currentState":{"name":"currentState","oldValue":"PRE_ACCEPT_SHIPMENT","value":"ACCEPTED_SHIPMENT","updateDate":"2026-08-04T11:25:05Z"},"shipmentAccepted":{"name":"shipmentAccepted","oldValue":"","value":"true","updateDate":"2026-08-04T11:25:05Z"}}},"changeMessages":[{"changeMessageId":"6a71cbd686c0165dcc378fcf","appId":"2CC1D66690B6427698BA2D374AEBC96D","appKey":"mozu.CommerceRuntimeOrderQueueService.2628.0.0.Release","createdDate":"2026-08-04T11:24:06.421Z","correlationId":"57ae3489c9d44690a9340c4be8da7c3b","message":"'workflowState.shipmentState' value changed from '' to 'PRE_ACCEPT_SHIPMENT'","oldValue":"null","newValue":"PRE_ACCEPT_SHIPMENT","subject":"shipmentState","userId":"2CC1D66690B6427698BA2D374AEBC96D"},{"changeMessageId":"6a71cbd686c0165dcc378fd0","appId":"2CC1D66690B6427698BA2D374AEBC96D","appKey":"mozu.CommerceRuntimeOrderQueueService.2628.0.0.Release","createdDate":"2026-08-04T11:24:06.421Z","correlationId":"57ae3489c9d44690a9340c4be8da7c3b","message":"'workflowState.activeTaskName' value changed from '' to 'Accept Shipment'","oldValue":"null","newValue":"Accept Shipment","subject":"activeTaskName","userId":"2CC1D66690B6427698BA2D374AEBC96D"},{"changeMessageId":"6a71cbd686c0165dcc378fd1","appId":"2CC1D66690B6427698BA2D374AEBC96D","appKey":"mozu.CommerceRuntimeOrderQueueService.2628.0.0.Release","createdDate":"2026-08-04T11:24:06.421Z","correlationId":"57ae3489c9d44690a9340c4be8da7c3b","message":"'shipmentStatus' value changed from '' to 'READY'","oldValue":"null","newValue":"READY","subject":"shipmentStatus","userId":"2CC1D66690B6427698BA2D374AEBC96D"},{"changeMessageId":"6a71cbd686c0165dcc378fd2","appId":"2CC1D66690B6427698BA2D374AEBC96D","appKey":"mozu.CommerceRuntimeOrderQueueService.2628.0.0.Release","createdDate":"2026-08-04T11:24:06.421Z","correlationId":"57ae3489c9d44690a9340c4be8da7c3b","message":"Shipment [32242] created","userId":"2CC1D66690B6427698BA2D374AEBC96D"},{"changeMessageId":"6a71cc11db3997534d805487","appId":"12d4e2ea75c349da8145d2f661ebddae","appKey":"ajykwpgx.API_Connector.1.0.0.Release","createdDate":"2026-08-04T11:25:05.963Z","correlationId":"001299e5b6d24971858ffc1a71040567","message":"'workflowState/variables/currentState.oldValue' value changed from '' to 'PRE_ACCEPT_SHIPMENT'","oldValue":"","newValue":"PRE_ACCEPT_SHIPMENT","subject":"oldValue","userId":"12d4e2ea75c349da8145d2f661ebddae"},{"changeMessageId":"6a71cc11db3997534d805488","appId":"12d4e2ea75c349da8145d2f661ebddae","appKey":"ajykwpgx.API_Connector.1.0.0.Release","createdDate":"2026-08-04T11:25:05.964Z","correlationId":"001299e5b6d24971858ffc1a71040567","message":"'workflowState/variables/currentState.value' value changed from 'PRE_ACCEPT_SHIPMENT' to 'ACCEPTED_SHIPMENT'","oldValue":"PRE_ACCEPT_SHIPMENT","newValue":"ACCEPTED_SHIPMENT","subject":"value","userId":"12d4e2ea75c349da8145d2f661ebddae"},{"changeMessageId":"6a71cc11db3997534d805489","appId":"12d4e2ea75c349da8145d2f661ebddae","appKey":"ajykwpgx.API_Connector.1.0.0.Release","createdDate":"2026-08-04T11:25:05.964Z","correlationId":"001299e5b6d24971858ffc1a71040567","message":"'workflowState/variables/currentState.updateDate' value changed from 'Tue Aug 04 11:24:05 UTC 2026' to 'Tue Aug 04 11:25:05 UTC 2026'","oldValue":"Tue Aug 04 11:24:05 UTC 2026","newValue":"Tue Aug 04 11:25:05 UTC 2026","subject":"updateDate","userId":"12d4e2ea75c349da8145d2f661ebddae"},{"changeMessageId":"6a71cc11db3997534d80548a","appId":"12d4e2ea75c349da8145d2f661ebddae","appKey":"ajykwpgx.API_Connector.1.0.0.Release","createdDate":"2026-08-04T11:25:05.964Z","correlationId":"001299e5b6d24971858ffc1a71040567","message":"'versionHash' value changed from '32452838' to '-419896078'","oldValue":"32452838","newValue":"-419896078","subject":"versionHash","userId":"12d4e2ea75c349da8145d2f661ebddae"},{"changeMessageId":"6a71cc11db3997534d80548b","appId":"12d4e2ea75c349da8145d2f661ebddae","appKey":"ajykwpgx.API_Connector.1.0.0.Release","createdDate":"2026-08-04T11:25:05.964Z","correlationId":"001299e5b6d24971858ffc1a71040567","message":"'lastModifiedDate' value changed from '2026-08-04T11:24:06.423Z' to '2026-08-04T11:25:05.957663Z'","oldValue":"2026-08-04T11:24:06.423Z","newValue":"2026-08-04T11:25:05.957663Z","subject":"lastModifiedDate","userId":"12d4e2ea75c349da8145d2f661ebddae"},{"changeMessageId":"6a71cc11db3997534d80548c","appId":"12d4e2ea75c349da8145d2f661ebddae","appKey":"ajykwpgx.API_Connector.1.0.0.Release","createdDate":"2026-08-04T11:25:05.964Z","correlationId":"001299e5b6d24971858ffc1a71040567","message":"'readyToCapture' value changed from 'false' to 'true'","oldValue":"false","newValue":"true","subject":"readyToCapture","userId":"12d4e2ea75c349da8145d2f661ebddae"},{"changeMessageId":"6a71cc11db3997534d80548d","appId":"12d4e2ea75c349da8145d2f661ebddae","appKey":"ajykwpgx.API_Connector.1.0.0.Release","createdDate":"2026-08-04T11:25:05.964Z","correlationId":"001299e5b6d24971858ffc1a71040567","message":"'workflowState.shipmentState' value changed from 'PRE_ACCEPT_SHIPMENT' to 'ACCEPTED_SHIPMENT'","oldValue":"PRE_ACCEPT_SHIPMENT","newValue":"ACCEPTED_SHIPMENT","subject":"shipmentState","userId":"12d4e2ea75c349da8145d2f661ebddae"},{"changeMessageId":"6a71cc11db3997534d80548e","appId":"12d4e2ea75c349da8145d2f661ebddae","appKey":"ajykwpgx.API_Connector.1.0.0.Release","createdDate":"2026-08-04T11:25:05.964Z","correlationId":"001299e5b6d24971858ffc1a71040567","message":"'workflowState.activeTaskName' value changed from 'Accept Shipment' to 'Validate Items In Stock'","oldValue":"Accept Shipment","newValue":"Validate Items In Stock","subject":"activeTaskName","userId":"12d4e2ea75c349da8145d2f661ebddae"},{"changeMessageId":"6a71cc11db3997534d80548f","appId":"12d4e2ea75c349da8145d2f661ebddae","appKey":"ajykwpgx.API_Connector.1.0.0.Release","createdDate":"2026-08-04T11:25:05.964Z","correlationId":"001299e5b6d24971858ffc1a71040567","message":"'workflowState.variables' map changes :\n  'shipmentAccepted' -> 'Shipment/6a71cbd586c0165dcc378f52#workflowState/variables/shipmentAccepted' added","subject":"variables","userId":"12d4e2ea75c349da8145d2f661ebddae"},{"changeMessageId":"6a71cc11db3997534d80549e","appId":"12d4e2ea75c349da8145d2f661ebddae","appKey":"ajykwpgx.API_Connector.1.0.0.Release","createdDate":"2026-08-04T11:25:05.975Z","correlationId":"001299e5b6d24971858ffc1a71040567","message":"'acceptedDate' value changed from '' to '2026-08-04T11:25:05.972686Z'","oldValue":"null","newValue":"2026-08-04T11:25:05.972686Z","subject":"acceptedDate","userId":"12d4e2ea75c349da8145d2f661ebddae"},{"changeMessageId":"6a71cc11db3997534d80549f","appId":"12d4e2ea75c349da8145d2f661ebddae","appKey":"ajykwpgx.API_Connector.1.0.0.Release","createdDate":"2026-08-04T11:25:05.976Z","correlationId":"001299e5b6d24971858ffc1a71040567","message":"'lastModifiedDate' value changed from '2026-08-04T11:25:05.966Z' to '2026-08-04T11:25:05.966633Z'","oldValue":"2026-08-04T11:25:05.966Z","newValue":"2026-08-04T11:25:05.966633Z","subject":"lastModifiedDate","userId":"12d4e2ea75c349da8145d2f661ebddae"},{"changeMessageId":"6a71cc1cdb3997534d806117","appId":"12d4e2ea75c349da8145d2f661ebddae","appKey":"ajykwpgx.API_Connector.1.0.0.Release","createdDate":"2026-08-04T11:25:16.004Z","correlationId":"478877b82996400cb43a89c8addef890","message":"'shipmentNotes' collection changes :\n  0. 'ShipmentNote/2026-08-04T05:25:15.776442082' added","subject":"shipmentNotes","userId":"12d4e2ea75c349da8145d2f661ebddae"}],"email":"mgowda@kognivera.com","acceptedDate":"2026-08-04T11:25:05.972Z","isExpress":false,"auditInfo":{"updateDate":"2026-08-04T11:25:16Z","createDate":"2026-08-04T11:24:05Z","updateBy":"12d4e2ea75c349da8145d2f661ebddae","createBy":"2CC1D66690B6427698BA2D374AEBC96D"},"readyToCapture":true,"isOptInForSms":false,"shopperNotes":{},"shipmentNotes":[{"noteId":"2026-08-04T05:25:15.776442082","noteText":"Create Shipment API returned status: Best Quotation Error: EnvioClick No Rates Found:Skydropx No Rates Found","username":"12d4e2ea75c349da8145d2f661ebddae","role":"Manager","auditInfo":{"updateDate":"2026-08-04T11:25:15Z","createDate":"2026-08-04T11:25:15Z","updateBy":"12d4e2ea75c349da8145d2f661ebddae","createBy":"12d4e2ea75c349da8145d2f661ebddae"}}],"isAutoAssigned":true,"isHistoricalImport":false,"substitutedItems":[],"orderType":"Online","workflowProcessVersion":"1.2518.0","isFlatRateShipping":true,"slas":[],"shipmentGroup":"group-2201-2026-08-07T00:02:00Z","groupId":"778a347050a2f94f89b76e0595437990","carrier":"FDA Flat Rate","shipmentAttributes":[],"_links":{"self":{"href":"https://t1000490-s1000992.sb.usc1.gcp.kibocommerce.com/api/commerce/shipments/32242"},"shipments":{"href":"https://t1000490-s1000992.sb.usc1.gcp.kibocommerce.com/api/commerce/shipments"},"tasks":{"href":"https://t1000490-s1000992.sb.usc1.gcp.kibocommerce.com/api/commerce/shipments/32242/tasks"},"workflowInstanceImage":{"href":"https://t1000490-s1000992.sb.usc1.gcp.kibocommerce.com/api/commerce/shipments/32242/workflow-instance-image"},"backorder":{"href":"https://t1000490-s1000992.sb.usc1.gcp.kibocommerce.com/api/commerce/shipments/32242/backordered","method":"POST"},"backorderItems":{"href":"https://t1000490-s1000992.sb.usc1.gcp.kibocommerce.com/api/commerce/shipments/32242/backorderedItems","method":"POST"},"reject":{"href":"https://t1000490-s1000992.sb.usc1.gcp.kibocommerce.com/api/commerce/shipments/32242/rejected","method":"PUT"},"rejectItems":{"href":"https://t1000490-s1000992.sb.usc1.gcp.kibocommerce.com/api/commerce/shipments/32242/rejectedItems","method":"PUT"},"cancel":{"href":"https://t1000490-s1000992.sb.usc1.gcp.kibocommerce.com/api/commerce/shipments/32242/canceled","method":"PUT"},"fulfill":{"href":"https://t1000490-s1000992.sb.usc1.gcp.kibocommerce.com/api/commerce/shipments/32242/fulfilled","method":"PUT"},"reassign":{"href":"https://t1000490-s1000992.sb.usc1.gcp.kibocommerce.com/api/commerce/shipments/32242/reassigned","method":"PUT"},"reassignItems":{"href":"https://t1000490-s1000992.sb.usc1.gcp.kibocommerce.com/api/commerce/shipments/32242/reassignedItems","method":"PUT"},"cancelItems":{"href":"https://t1000490-s1000992.sb.usc1.gcp.kibocommerce.com/api/commerce/shipments/32242/canceledItems","method":"PUT"}}}]},"_links":{"self":{"href":"https://t1000490-s1000992.sb.usc1.gcp.kibocommerce.com/api/commerce/shipments?filter=orderId%3D%3D1b7229bd1bab2700014d7bb0000f442a&page=0&pageSize=200"}},"page":{"size":200,"totalElements":1,"totalPages":1,"number":0}}
2026-08-04 16:55:47 INFO  FDA_Automation_Script.FDA_Automation_Script.utils.LoggerUtility - 3PL data not ready — deliveryPartner='', tplShipmentId=''. Waiting 30s...
2026-08-04 16:56:17 INFO  FDA_Automation_Script.FDA_Automation_Script.utils.LoggerUtility - Kibo shipment data poll attempt 3/20
2026-08-04 16:56:17 INFO  FDA_Automation_Script.FDA_Automation_Script.utils.LoggerUtility - ========== Get Shipments by Order ID ==========
2026-08-04 16:56:17 INFO  FDA_Automation_Script.FDA_Automation_Script.utils.LoggerUtility - Calling Kibo Get Shipments API: https://t1000490-s1000992.sb.usc1.gcp.kibocommerce.com/api/commerce/shipments filter=orderId==1b7229bd1bab2700014d7bb0000f442a
2026-08-04 16:56:17 INFO  FDA_Automation_Script.FDA_Automation_Script.utils.LoggerUtility - Get Shipments by OrderId Status : 200
2026-08-04 16:56:17 INFO  FDA_Automation_Script.FDA_Automation_Script.utils.LoggerUtility - Get Shipments by OrderId Body   : {"_embedded":{"shipments":[{"shipmentNumber":32242,"orderId":"1b7229bd1bab2700014d7bb0000f442a","orderNumber":28888,"orderSubmitDate":"2026-08-04T11:24:05.366Z","externalOrderId":"4000273592WEB","customerAccountId":1047,"tenantId":1000490,"siteId":1000992,"shipmentType":"STH","shipmentStatus":"READY","fulfillmentLocationCode":"2201","assignedLocationCode":"2201","workflowProcessId":"FDA_Custom_STH_WF_V1.0","workflowProcessContainerId":"KUPT.kibo-fulfillment-workflows-fda","shipmentAdjustment":0.0,"lineItemSubtotal":400.0,"lineItemTaxAdjustment":0.0,"lineItemTaxTotal":0.0,"lineItemTotal":400.0,"shippingAdjustment":0.0,"shippingSubtotal":0.0,"shippingTaxAdjustment":0.0,"shippingTaxTotal":0.0,"shippingTotal":0.0,"handlingAdjustment":0.0,"handlingSubtotal":0.0,"handlingTaxAdjustment":0.0,"handlingTaxTotal":0.0,"handlingTotal":0.0,"dutyAdjustment":0.0,"dutyTotal":0.0,"total":400.0,"currencyCode":"MXN","destination":{"destinationContact":{"address":{"address1":"Calles Loren","address2":"12","cityOrTown":"Ciudad de México","countryCode":"MX","isValidated":false,"postalOrZipCode":"03610","stateOrProvince":"Ciudad de México"},"email":"mgowda@kognivera.com","firstName":"Mithu","lastNameOrSurname":"Gowda","shortFullName":"Mithu Gowda","fullName":"Mithu Gowda","phoneNumbers":{"mobile":"7022499246"}},"isDestinationCommercial":false},"customer":{"customerContact":{"address":{"address1":"Calles Loren","address2":"12","cityOrTown":"Ciudad de México","countryCode":"MX","isValidated":false,"postalOrZipCode":"03610","stateOrProvince":"Ciudad de México"},"email":"mgowda@kognivera.com","firstName":"Mithu","lastNameOrSurname":"Gowda","shortFullName":"Mithu Gowda","fullName":"Mithu Gowda","phoneNumbers":{"mobile":"7022499246"}}},"shippingMethodCode":"FDA Flat Rate","items":[{"attributes":{"Capacity":0,"Count":0},"lineId":1,"originalOrderItemId":"314073284a6d48198878b49c00bbc7f8","goodsType":"Physical","productCode":"78078094202","quantity":1,"transferQuantity":0,"imageUrl":"https://staging-media.fahorro.com/media/catalog/product/8/1/81a8ed61a45982c4.jpg?optimize=medium&fit=bounds&height=&width=","name":"Diamond Eye Combo Pack Monthly Color Contact Lenses113","upc":"78078094202","allowsBackOrder":false,"unitPrice":400.0,"isTaxable":false,"actualPrice":400.0,"itemDiscount":0.0,"lineItemCost":400.0,"itemTax":0.0,"shipping":0.0,"shippingDiscount":0.0,"shippingTax":0.0,"handling":0.0,"handlingDiscount":0.0,"handlingTax":0.0,"duty":0.0,"weightedShipmentAdjustment":0.0,"weightedLineItemTaxAdjustment":0.0,"weightedShippingAdjustment":0.0,"weightedShippingTaxAdjustment":0.0,"weightedHandlingAdjustment":0.0,"weightedHandlingTaxAdjustment":0.0,"weightedDutyAdjustment":0.0,"weightedOrderHandlingFee":0.0,"weightedOrderHandlingFeeTax":0.0,"weightedOrderHandlingFeeDiscount":0.0,"taxableShipping":0.0,"taxableLineItemCost":400.0,"taxableHandling":0.0,"data":{"edd":"2026-08-07T00:02:00Z","backOrder":"false","deliveryType":"FBO","fulfillmentLocationCode":"2201"},"auditInfo":{"updateDate":"2026-08-04T11:24:06Z","createDate":"2026-08-04T11:24:05Z","updateBy":"2CC1D66690B6427698BA2D374AEBC96D","createBy":"2CC1D66690B6427698BA2D374AEBC96D"},"options":[],"manageStock":true,"creditValue":400.0,"isAssemblyRequired":false,"allowsFutureAllocate":false,"isReservedInventory":false,"originalQuantity":1,"priceMode":"Internal"}],"canceledItems":[],"reassignedItems":[],"rejectedItems":[],"transferredItems":[],"packages":[],"workflowState":{"shipmentState":"ACCEPTED_SHIPMENT","taskList":[{"name":"Accept Shipment","subject":"","inputs":[{"name":"shipmentAccepted","type":"BOOLEAN"}],"active":false,"completed":true,"completedDate":"2026-08-04T11:25:05.746Z","activeDate":"2026-08-04T11:24:05.974Z","completedDurationMillis":59772,"_links":{}},{"taskId":"493890","name":"Validate Items In Stock","subject":"","description":"Validate stock","skippable":true,"inputs":[{"name":"createTransfer","type":"BOOLEAN"},{"name":"stockLevel","type":"STRING"}],"active":true,"completed":false,"activeDate":"2026-08-04T11:25:05.761Z","_links":{"skip":{"href":"https://t1000490-s1000992.sb.usc1.gcp.kibocommerce.com/api/commerce/shipments/32242/tasks/Validate%20Items%20In%20Stock/skipped","method":"PUT"},"execute":{"href":"https://t1000490-s1000992.sb.usc1.gcp.kibocommerce.com/api/commerce/shipments/32242/tasks/Validate%20Items%20In%20Stock/completed","method":"PUT"}}},{"name":"Wait for Transfer","subject":"Wait for Transfer","inputs":[],"active":false,"completed":false,"_links":{}},{"name":"Print Packing Slip","subject":"","inputs":[{"name":"back","type":"BOOLEAN"}],"active":false,"completed":false,"_links":{}},{"name":"Prepare for Shipment","subject":"","inputs":[{"name":"canceled","type":"BOOLEAN"},{"name":"back","type":"BOOLEAN"}],"active":false,"completed":false,"_links":{}},{"name":"Dispatched","subject":"","inputs":[],"active":false,"completed":false,"_links":{}}],"activeTaskName":"Validate Items In Stock","processInstanceId":"317217","auditInfo":{"updateDate":"2026-08-04T11:25:16Z","createDate":"2026-08-04T11:24:05Z","updateBy":"12d4e2ea75c349da8145d2f661ebddae","createBy":"2CC1D66690B6427698BA2D374AEBC96D"},"variables":{"initiator":{"name":"initiator","oldValue":"","value":"wbadmin","updateDate":"2026-08-04T11:24:05Z"},"currentState":{"name":"currentState","oldValue":"PRE_ACCEPT_SHIPMENT","value":"ACCEPTED_SHIPMENT","updateDate":"2026-08-04T11:25:05Z"},"shipmentAccepted":{"name":"shipmentAccepted","oldValue":"","value":"true","updateDate":"2026-08-04T11:25:05Z"}}},"changeMessages":[{"changeMessageId":"6a71cbd686c0165dcc378fcf","appId":"2CC1D66690B6427698BA2D374AEBC96D","appKey":"mozu.CommerceRuntimeOrderQueueService.2628.0.0.Release","createdDate":"2026-08-04T11:24:06.421Z","correlationId":"57ae3489c9d44690a9340c4be8da7c3b","message":"'workflowState.shipmentState' value changed from '' to 'PRE_ACCEPT_SHIPMENT'","oldValue":"null","newValue":"PRE_ACCEPT_SHIPMENT","subject":"shipmentState","userId":"2CC1D66690B6427698BA2D374AEBC96D"},{"changeMessageId":"6a71cbd686c0165dcc378fd0","appId":"2CC1D66690B6427698BA2D374AEBC96D","appKey":"mozu.CommerceRuntimeOrderQueueService.2628.0.0.Release","createdDate":"2026-08-04T11:24:06.421Z","correlationId":"57ae3489c9d44690a9340c4be8da7c3b","message":"'workflowState.activeTaskName' value changed from '' to 'Accept Shipment'","oldValue":"null","newValue":"Accept Shipment","subject":"activeTaskName","userId":"2CC1D66690B6427698BA2D374AEBC96D"},{"changeMessageId":"6a71cbd686c0165dcc378fd1","appId":"2CC1D66690B6427698BA2D374AEBC96D","appKey":"mozu.CommerceRuntimeOrderQueueService.2628.0.0.Release","createdDate":"2026-08-04T11:24:06.421Z","correlationId":"57ae3489c9d44690a9340c4be8da7c3b","message":"'shipmentStatus' value changed from '' to 'READY'","oldValue":"null","newValue":"READY","subject":"shipmentStatus","userId":"2CC1D66690B6427698BA2D374AEBC96D"},{"changeMessageId":"6a71cbd686c0165dcc378fd2","appId":"2CC1D66690B6427698BA2D374AEBC96D","appKey":"mozu.CommerceRuntimeOrderQueueService.2628.0.0.Release","createdDate":"2026-08-04T11:24:06.421Z","correlationId":"57ae3489c9d44690a9340c4be8da7c3b","message":"Shipment [32242] created","userId":"2CC1D66690B6427698BA2D374AEBC96D"},{"changeMessageId":"6a71cc11db3997534d805487","appId":"12d4e2ea75c349da8145d2f661ebddae","appKey":"ajykwpgx.API_Connector.1.0.0.Release","createdDate":"2026-08-04T11:25:05.963Z","correlationId":"001299e5b6d24971858ffc1a71040567","message":"'workflowState/variables/currentState.oldValue' value changed from '' to 'PRE_ACCEPT_SHIPMENT'","oldValue":"","newValue":"PRE_ACCEPT_SHIPMENT","subject":"oldValue","userId":"12d4e2ea75c349da8145d2f661ebddae"},{"changeMessageId":"6a71cc11db3997534d805488","appId":"12d4e2ea75c349da8145d2f661ebddae","appKey":"ajykwpgx.API_Connector.1.0.0.Release","createdDate":"2026-08-04T11:25:05.964Z","correlationId":"001299e5b6d24971858ffc1a71040567","message":"'workflowState/variables/currentState.value' value changed from 'PRE_ACCEPT_SHIPMENT' to 'ACCEPTED_SHIPMENT'","oldValue":"PRE_ACCEPT_SHIPMENT","newValue":"ACCEPTED_SHIPMENT","subject":"value","userId":"12d4e2ea75c349da8145d2f661ebddae"},{"changeMessageId":"6a71cc11db3997534d805489","appId":"12d4e2ea75c349da8145d2f661ebddae","appKey":"ajykwpgx.API_Connector.1.0.0.Release","createdDate":"2026-08-04T11:25:05.964Z","correlationId":"001299e5b6d24971858ffc1a71040567","message":"'workflowState/variables/currentState.updateDate' value changed from 'Tue Aug 04 11:24:05 UTC 2026' to 'Tue Aug 04 11:25:05 UTC 2026'","oldValue":"Tue Aug 04 11:24:05 UTC 2026","newValue":"Tue Aug 04 11:25:05 UTC 2026","subject":"updateDate","userId":"12d4e2ea75c349da8145d2f661ebddae"},{"changeMessageId":"6a71cc11db3997534d80548a","appId":"12d4e2ea75c349da8145d2f661ebddae","appKey":"ajykwpgx.API_Connector.1.0.0.Release","createdDate":"2026-08-04T11:25:05.964Z","correlationId":"001299e5b6d24971858ffc1a71040567","message":"'versionHash' value changed from '32452838' to '-419896078'","oldValue":"32452838","newValue":"-419896078","subject":"versionHash","userId":"12d4e2ea75c349da8145d2f661ebddae"},{"changeMessageId":"6a71cc11db3997534d80548b","appId":"12d4e2ea75c349da8145d2f661ebddae","appKey":"ajykwpgx.API_Connector.1.0.0.Release","createdDate":"2026-08-04T11:25:05.964Z","correlationId":"001299e5b6d24971858ffc1a71040567","message":"'lastModifiedDate' value changed from '2026-08-04T11:24:06.423Z' to '2026-08-04T11:25:05.957663Z'","oldValue":"2026-08-04T11:24:06.423Z","newValue":"2026-08-04T11:25:05.957663Z","subject":"lastModifiedDate","userId":"12d4e2ea75c349da8145d2f661ebddae"},{"changeMessageId":"6a71cc11db3997534d80548c","appId":"12d4e2ea75c349da8145d2f661ebddae","appKey":"ajykwpgx.API_Connector.1.0.0.Release","createdDate":"2026-08-04T11:25:05.964Z","correlationId":"001299e5b6d24971858ffc1a71040567","message":"'readyToCapture' value changed from 'false' to 'true'","oldValue":"false","newValue":"true","subject":"readyToCapture","userId":"12d4e2ea75c349da8145d2f661ebddae"},{"changeMessageId":"6a71cc11db3997534d80548d","appId":"12d4e2ea75c349da8145d2f661ebddae","appKey":"ajykwpgx.API_Connector.1.0.0.Release","createdDate":"2026-08-04T11:25:05.964Z","correlationId":"001299e5b6d24971858ffc1a71040567","message":"'workflowState.shipmentState' value changed from 'PRE_ACCEPT_SHIPMENT' to 'ACCEPTED_SHIPMENT'","oldValue":"PRE_ACCEPT_SHIPMENT","newValue":"ACCEPTED_SHIPMENT","subject":"shipmentState","userId":"12d4e2ea75c349da8145d2f661ebddae"},{"changeMessageId":"6a71cc11db3997534d80548e","appId":"12d4e2ea75c349da8145d2f661ebddae","appKey":"ajykwpgx.API_Connector.1.0.0.Release","createdDate":"2026-08-04T11:25:05.964Z","correlationId":"001299e5b6d24971858ffc1a71040567","message":"'workflowState.activeTaskName' value changed from 'Accept Shipment' to 'Validate Items In Stock'","oldValue":"Accept Shipment","newValue":"Validate Items In Stock","subject":"activeTaskName","userId":"12d4e2ea75c349da8145d2f661ebddae"},{"changeMessageId":"6a71cc11db3997534d80548f","appId":"12d4e2ea75c349da8145d2f661ebddae","appKey":"ajykwpgx.API_Connector.1.0.0.Release","createdDate":"2026-08-04T11:25:05.964Z","correlationId":"001299e5b6d24971858ffc1a71040567","message":"'workflowState.variables' map changes :\n  'shipmentAccepted' -> 'Shipment/6a71cbd586c0165dcc378f52#workflowState/variables/shipmentAccepted' added","subject":"variables","userId":"12d4e2ea75c349da8145d2f661ebddae"},{"changeMessageId":"6a71cc11db3997534d80549e","appId":"12d4e2ea75c349da8145d2f661ebddae","appKey":"ajykwpgx.API_Connector.1.0.0.Release","createdDate":"2026-08-04T11:25:05.975Z","correlationId":"001299e5b6d24971858ffc1a71040567","message":"'acceptedDate' value changed from '' to '2026-08-04T11:25:05.972686Z'","oldValue":"null","newValue":"2026-08-04T11:25:05.972686Z","subject":"acceptedDate","userId":"12d4e2ea75c349da8145d2f661ebddae"},{"changeMessageId":"6a71cc11db3997534d80549f","appId":"12d4e2ea75c349da8145d2f661ebddae","appKey":"ajykwpgx.API_Connector.1.0.0.Release","createdDate":"2026-08-04T11:25:05.976Z","correlationId":"001299e5b6d24971858ffc1a71040567","message":"'lastModifiedDate' value changed from '2026-08-04T11:25:05.966Z' to '2026-08-04T11:25:05.966633Z'","oldValue":"2026-08-04T11:25:05.966Z","newValue":"2026-08-04T11:25:05.966633Z","subject":"lastModifiedDate","userId":"12d4e2ea75c349da8145d2f661ebddae"},{"changeMessageId":"6a71cc1cdb3997534d806117","appId":"12d4e2ea75c349da8145d2f661ebddae","appKey":"ajykwpgx.API_Connector.1.0.0.Release","createdDate":"2026-08-04T11:25:16.004Z","correlationId":"478877b82996400cb43a89c8addef890","message":"'shipmentNotes' collection changes :\n  0. 'ShipmentNote/2026-08-04T05:25:15.776442082' added","subject":"shipmentNotes","userId":"12d4e2ea75c349da8145d2f661ebddae"}],"email":"mgowda@kognivera.com","acceptedDate":"2026-08-04T11:25:05.972Z","isExpress":false,"auditInfo":{"updateDate":"2026-08-04T11:25:16Z","createDate":"2026-08-04T11:24:05Z","updateBy":"12d4e2ea75c349da8145d2f661ebddae","createBy":"2CC1D66690B6427698BA2D374AEBC96D"},"readyToCapture":true,"isOptInForSms":false,"shopperNotes":{},"shipmentNotes":[{"noteId":"2026-08-04T05:25:15.776442082","noteText":"Create Shipment API returned status: Best Quotation Error: EnvioClick No Rates Found:Skydropx No Rates Found","username":"12d4e2ea75c349da8145d2f661ebddae","role":"Manager","auditInfo":{"updateDate":"2026-08-04T11:25:15Z","createDate":"2026-08-04T11:25:15Z","updateBy":"12d4e2ea75c349da8145d2f661ebddae","createBy":"12d4e2ea75c349da8145d2f661ebddae"}}],"isAutoAssigned":true,"isHistoricalImport":false,"substitutedItems":[],"orderType":"Online","workflowProcessVersion":"1.2518.0","isFlatRateShipping":true,"slas":[],"shipmentGroup":"group-2201-2026-08-07T00:02:00Z","groupId":"778a347050a2f94f89b76e0595437990","carrier":"FDA Flat Rate","shipmentAttributes":[],"_links":{"self":{"href":"https://t1000490-s1000992.sb.usc1.gcp.kibocommerce.com/api/commerce/shipments/32242"},"shipments":{"href":"https://t1000490-s1000992.sb.usc1.gcp.kibocommerce.com/api/commerce/shipments"},"tasks":{"href":"https://t1000490-s1000992.sb.usc1.gcp.kibocommerce.com/api/commerce/shipments/32242/tasks"},"workflowInstanceImage":{"href":"https://t1000490-s1000992.sb.usc1.gcp.kibocommerce.com/api/commerce/shipments/32242/workflow-instance-image"},"backorder":{"href":"https://t1000490-s1000992.sb.usc1.gcp.kibocommerce.com/api/commerce/shipments/32242/backordered","method":"POST"},"backorderItems":{"href":"https://t1000490-s1000992.sb.usc1.gcp.kibocommerce.com/api/commerce/shipments/32242/backorderedItems","method":"POST"},"reject":{"href":"https://t1000490-s1000992.sb.usc1.gcp.kibocommerce.com/api/commerce/shipments/32242/rejected","method":"PUT"},"rejectItems":{"href":"https://t1000490-s1000992.sb.usc1.gcp.kibocommerce.com/api/commerce/shipments/32242/rejectedItems","method":"PUT"},"cancel":{"href":"https://t1000490-s1000992.sb.usc1.gcp.kibocommerce.com/api/commerce/shipments/32242/canceled","method":"PUT"},"fulfill":{"href":"https://t1000490-s1000992.sb.usc1.gcp.kibocommerce.com/api/commerce/shipments/32242/fulfilled","method":"PUT"},"reassign":{"href":"https://t1000490-s1000992.sb.usc1.gcp.kibocommerce.com/api/commerce/shipments/32242/reassigned","method":"PUT"},"reassignItems":{"href":"https://t1000490-s1000992.sb.usc1.gcp.kibocommerce.com/api/commerce/shipments/32242/reassignedItems","method":"PUT"},"cancelItems":{"href":"https://t1000490-s1000992.sb.usc1.gcp.kibocommerce.com/api/commerce/shipments/32242/canceledItems","method":"PUT"}}}]},"_links":{"self":{"href":"https://t1000490-s1000992.sb.usc1.gcp.kibocommerce.com/api/commerce/shipments?filter=orderId%3D%3D1b7229bd1bab2700014d7bb0000f442a&page=0&pageSize=200"}},"page":{"size":200,"totalElements":1,"totalPages":1,"number":0}}
2026-08-04 16:56:17 INFO  FDA_Automation_Script.FDA_Automation_Script.utils.LoggerUtility - 3PL data not ready — deliveryPartner='', tplShipmentId=''. Waiting 30s...
2026-08-04 16:56:47 INFO  FDA_Automation_Script.FDA_Automation_Script.utils.LoggerUtility - Kibo shipment data poll attempt 4/20
2026-08-04 16:56:47 INFO  FDA_Automation_Script.FDA_Automation_Script.utils.LoggerUtility - ========== Get Shipments by Order ID ==========
2026-08-04 16:56:47 INFO  FDA_Automation_Script.FDA_Automation_Script.utils.LoggerUtility - Calling Kibo Get Shipments API: https://t1000490-s1000992.sb.usc1.gcp.kibocommerce.com/api/commerce/shipments filter=orderId==1b7229bd1bab2700014d7bb0000f442a
2026-08-04 16:56:48 INFO  FDA_Automation_Script.FDA_Automation_Script.utils.LoggerUtility - Get Shipments by OrderId Status : 200
2026-08-04 16:56:48 INFO  FDA_Automation_Script.FDA_Automation_Script.utils.LoggerUtility - Get Shipments by OrderId Body   : {"_embedded":{"shipments":[{"shipmentNumber":32242,"orderId":"1b7229bd1bab2700014d7bb0000f442a","orderNumber":28888,"orderSubmitDate":"2026-08-04T11:24:05.366Z","externalOrderId":"4000273592WEB","customerAccountId":1047,"tenantId":1000490,"siteId":1000992,"shipmentType":"STH","shipmentStatus":"READY","fulfillmentLocationCode":"2201","assignedLocationCode":"2201","workflowProcessId":"FDA_Custom_STH_WF_V1.0","workflowProcessContainerId":"KUPT.kibo-fulfillment-workflows-fda","shipmentAdjustment":0.0,"lineItemSubtotal":400.0,"lineItemTaxAdjustment":0.0,"lineItemTaxTotal":0.0,"lineItemTotal":400.0,"shippingAdjustment":0.0,"shippingSubtotal":0.0,"shippingTaxAdjustment":0.0,"shippingTaxTotal":0.0,"shippingTotal":0.0,"handlingAdjustment":0.0,"handlingSubtotal":0.0,"handlingTaxAdjustment":0.0,"handlingTaxTotal":0.0,"handlingTotal":0.0,"dutyAdjustment":0.0,"dutyTotal":0.0,"total":400.0,"currencyCode":"MXN","destination":{"destinationContact":{"address":{"address1":"Calles Loren","address2":"12","cityOrTown":"Ciudad de México","countryCode":"MX","isValidated":false,"postalOrZipCode":"03610","stateOrProvince":"Ciudad de México"},"email":"mgowda@kognivera.com","firstName":"Mithu","lastNameOrSurname":"Gowda","shortFullName":"Mithu Gowda","fullName":"Mithu Gowda","phoneNumbers":{"mobile":"7022499246"}},"isDestinationCommercial":false},"customer":{"customerContact":{"address":{"address1":"Calles Loren","address2":"12","cityOrTown":"Ciudad de México","countryCode":"MX","isValidated":false,"postalOrZipCode":"03610","stateOrProvince":"Ciudad de México"},"email":"mgowda@kognivera.com","firstName":"Mithu","lastNameOrSurname":"Gowda","shortFullName":"Mithu Gowda","fullName":"Mithu Gowda","phoneNumbers":{"mobile":"7022499246"}}},"shippingMethodCode":"FDA Flat Rate","items":[{"attributes":{"Capacity":0,"Count":0},"lineId":1,"originalOrderItemId":"314073284a6d48198878b49c00bbc7f8","goodsType":"Physical","productCode":"78078094202","quantity":1,"transferQuantity":0,"imageUrl":"https://staging-media.fahorro.com/media/catalog/product/8/1/81a8ed61a45982c4.jpg?optimize=medium&fit=bounds&height=&width=","name":"Diamond Eye Combo Pack Monthly Color Contact Lenses113","upc":"78078094202","allowsBackOrder":false,"unitPrice":400.0,"isTaxable":false,"actualPrice":400.0,"itemDiscount":0.0,"lineItemCost":400.0,"itemTax":0.0,"shipping":0.0,"shippingDiscount":0.0,"shippingTax":0.0,"handling":0.0,"handlingDiscount":0.0,"handlingTax":0.0,"duty":0.0,"weightedShipmentAdjustment":0.0,"weightedLineItemTaxAdjustment":0.0,"weightedShippingAdjustment":0.0,"weightedShippingTaxAdjustment":0.0,"weightedHandlingAdjustment":0.0,"weightedHandlingTaxAdjustment":0.0,"weightedDutyAdjustment":0.0,"weightedOrderHandlingFee":0.0,"weightedOrderHandlingFeeTax":0.0,"weightedOrderHandlingFeeDiscount":0.0,"taxableShipping":0.0,"taxableLineItemCost":400.0,"taxableHandling":0.0,"data":{"edd":"2026-08-07T00:02:00Z","backOrder":"false","deliveryType":"FBO","fulfillmentLocationCode":"2201"},"auditInfo":{"updateDate":"2026-08-04T11:24:06Z","createDate":"2026-08-04T11:24:05Z","updateBy":"2CC1D66690B6427698BA2D374AEBC96D","createBy":"2CC1D66690B6427698BA2D374AEBC96D"},"options":[],"manageStock":true,"creditValue":400.0,"isAssemblyRequired":false,"allowsFutureAllocate":false,"isReservedInventory":false,"originalQuantity":1,"priceMode":"Internal"}],"canceledItems":[],"reassignedItems":[],"rejectedItems":[],"transferredItems":[],"packages":[],"workflowState":{"shipmentState":"ACCEPTED_SHIPMENT","taskList":[{"name":"Accept Shipment","subject":"","inputs":[{"name":"shipmentAccepted","type":"BOOLEAN"}],"active":false,"completed":true,"completedDate":"2026-08-04T11:25:05.746Z","activeDate":"2026-08-04T11:24:05.974Z","completedDurationMillis":59772,"_links":{}},{"taskId":"493890","name":"Validate Items In Stock","subject":"","description":"Validate stock","skippable":true,"inputs":[{"name":"createTransfer","type":"BOOLEAN"},{"name":"stockLevel","type":"STRING"}],"active":true,"completed":false,"activeDate":"2026-08-04T11:25:05.761Z","_links":{"skip":{"href":"https://t1000490-s1000992.sb.usc1.gcp.kibocommerce.com/api/commerce/shipments/32242/tasks/Validate%20Items%20In%20Stock/skipped","method":"PUT"},"execute":{"href":"https://t1000490-s1000992.sb.usc1.gcp.kibocommerce.com/api/commerce/shipments/32242/tasks/Validate%20Items%20In%20Stock/completed","method":"PUT"}}},{"name":"Wait for Transfer","subject":"Wait for Transfer","inputs":[],"active":false,"completed":false,"_links":{}},{"name":"Print Packing Slip","subject":"","inputs":[{"name":"back","type":"BOOLEAN"}],"active":false,"completed":false,"_links":{}},{"name":"Prepare for Shipment","subject":"","inputs":[{"name":"canceled","type":"BOOLEAN"},{"name":"back","type":"BOOLEAN"}],"active":false,"completed":false,"_links":{}},{"name":"Dispatched","subject":"","inputs":[],"active":false,"completed":false,"_links":{}}],"activeTaskName":"Validate Items In Stock","processInstanceId":"317217","auditInfo":{"updateDate":"2026-08-04T11:25:16Z","createDate":"2026-08-04T11:24:05Z","updateBy":"12d4e2ea75c349da8145d2f661ebddae","createBy":"2CC1D66690B6427698BA2D374AEBC96D"},"variables":{"initiator":{"name":"initiator","oldValue":"","value":"wbadmin","updateDate":"2026-08-04T11:24:05Z"},"currentState":{"name":"currentState","oldValue":"PRE_ACCEPT_SHIPMENT","value":"ACCEPTED_SHIPMENT","updateDate":"2026-08-04T11:25:05Z"},"shipmentAccepted":{"name":"shipmentAccepted","oldValue":"","value":"true","updateDate":"2026-08-04T11:25:05Z"}}},"changeMessages":[{"changeMessageId":"6a71cbd686c0165dcc378fcf","appId":"2CC1D66690B6427698BA2D374AEBC96D","appKey":"mozu.CommerceRuntimeOrderQueueService.2628.0.0.Release","createdDate":"2026-08-04T11:24:06.421Z","correlationId":"57ae3489c9d44690a9340c4be8da7c3b","message":"'workflowState.shipmentState' value changed from '' to 'PRE_ACCEPT_SHIPMENT'","oldValue":"null","newValue":"PRE_ACCEPT_SHIPMENT","subject":"shipmentState","userId":"2CC1D66690B6427698BA2D374AEBC96D"},{"changeMessageId":"6a71cbd686c0165dcc378fd0","appId":"2CC1D66690B6427698BA2D374AEBC96D","appKey":"mozu.CommerceRuntimeOrderQueueService.2628.0.0.Release","createdDate":"2026-08-04T11:24:06.421Z","correlationId":"57ae3489c9d44690a9340c4be8da7c3b","message":"'workflowState.activeTaskName' value changed from '' to 'Accept Shipment'","oldValue":"null","newValue":"Accept Shipment","subject":"activeTaskName","userId":"2CC1D66690B6427698BA2D374AEBC96D"},{"changeMessageId":"6a71cbd686c0165dcc378fd1","appId":"2CC1D66690B6427698BA2D374AEBC96D","appKey":"mozu.CommerceRuntimeOrderQueueService.2628.0.0.Release","createdDate":"2026-08-04T11:24:06.421Z","correlationId":"57ae3489c9d44690a9340c4be8da7c3b","message":"'shipmentStatus' value changed from '' to 'READY'","oldValue":"null","newValue":"READY","subject":"shipmentStatus","userId":"2CC1D66690B6427698BA2D374AEBC96D"},{"changeMessageId":"6a71cbd686c0165dcc378fd2","appId":"2CC1D66690B6427698BA2D374AEBC96D","appKey":"mozu.CommerceRuntimeOrderQueueService.2628.0.0.Release","createdDate":"2026-08-04T11:24:06.421Z","correlationId":"57ae3489c9d44690a9340c4be8da7c3b","message":"Shipment [32242] created","userId":"2CC1D66690B6427698BA2D374AEBC96D"},{"changeMessageId":"6a71cc11db3997534d805487","appId":"12d4e2ea75c349da8145d2f661ebddae","appKey":"ajykwpgx.API_Connector.1.0.0.Release","createdDate":"2026-08-04T11:25:05.963Z","correlationId":"001299e5b6d24971858ffc1a71040567","message":"'workflowState/variables/currentState.oldValue' value changed from '' to 'PRE_ACCEPT_SHIPMENT'","oldValue":"","newValue":"PRE_ACCEPT_SHIPMENT","subject":"oldValue","userId":"12d4e2ea75c349da8145d2f661ebddae"},{"changeMessageId":"6a71cc11db3997534d805488","appId":"12d4e2ea75c349da8145d2f661ebddae","appKey":"ajykwpgx.API_Connector.1.0.0.Release","createdDate":"2026-08-04T11:25:05.964Z","correlationId":"001299e5b6d24971858ffc1a71040567","message":"'workflowState/variables/currentState.value' value changed from 'PRE_ACCEPT_SHIPMENT' to 'ACCEPTED_SHIPMENT'","oldValue":"PRE_ACCEPT_SHIPMENT","newValue":"ACCEPTED_SHIPMENT","subject":"value","userId":"12d4e2ea75c349da8145d2f661ebddae"},{"changeMessageId":"6a71cc11db3997534d805489","appId":"12d4e2ea75c349da8145d2f661ebddae","appKey":"ajykwpgx.API_Connector.1.0.0.Release","createdDate":"2026-08-04T11:25:05.964Z","correlationId":"001299e5b6d24971858ffc1a71040567","message":"'workflowState/variables/currentState.updateDate' value changed from 'Tue Aug 04 11:24:05 UTC 2026' to 'Tue Aug 04 11:25:05 UTC 2026'","oldValue":"Tue Aug 04 11:24:05 UTC 2026","newValue":"Tue Aug 04 11:25:05 UTC 2026","subject":"updateDate","userId":"12d4e2ea75c349da8145d2f661ebddae"},{"changeMessageId":"6a71cc11db3997534d80548a","appId":"12d4e2ea75c349da8145d2f661ebddae","appKey":"ajykwpgx.API_Connector.1.0.0.Release","createdDate":"2026-08-04T11:25:05.964Z","correlationId":"001299e5b6d24971858ffc1a71040567","message":"'versionHash' value changed from '32452838' to '-419896078'","oldValue":"32452838","newValue":"-419896078","subject":"versionHash","userId":"12d4e2ea75c349da8145d2f661ebddae"},{"changeMessageId":"6a71cc11db3997534d80548b","appId":"12d4e2ea75c349da8145d2f661ebddae","appKey":"ajykwpgx.API_Connector.1.0.0.Release","createdDate":"2026-08-04T11:25:05.964Z","correlationId":"001299e5b6d24971858ffc1a71040567","message":"'lastModifiedDate' value changed from '2026-08-04T11:24:06.423Z' to '2026-08-04T11:25:05.957663Z'","oldValue":"2026-08-04T11:24:06.423Z","newValue":"2026-08-04T11:25:05.957663Z","subject":"lastModifiedDate","userId":"12d4e2ea75c349da8145d2f661ebddae"},{"changeMessageId":"6a71cc11db3997534d80548c","appId":"12d4e2ea75c349da8145d2f661ebddae","appKey":"ajykwpgx.API_Connector.1.0.0.Release","createdDate":"2026-08-04T11:25:05.964Z","correlationId":"001299e5b6d24971858ffc1a71040567","message":"'readyToCapture' value changed from 'false' to 'true'","oldValue":"false","newValue":"true","subject":"readyToCapture","userId":"12d4e2ea75c349da8145d2f661ebddae"},{"changeMessageId":"6a71cc11db3997534d80548d","appId":"12d4e2ea75c349da8145d2f661ebddae","appKey":"ajykwpgx.API_Connector.1.0.0.Release","createdDate":"2026-08-04T11:25:05.964Z","correlationId":"001299e5b6d24971858ffc1a71040567","message":"'workflowState.shipmentState' value changed from 'PRE_ACCEPT_SHIPMENT' to 'ACCEPTED_SHIPMENT'","oldValue":"PRE_ACCEPT_SHIPMENT","newValue":"ACCEPTED_SHIPMENT","subject":"shipmentState","userId":"12d4e2ea75c349da8145d2f661ebddae"},{"changeMessageId":"6a71cc11db3997534d80548e","appId":"12d4e2ea75c349da8145d2f661ebddae","appKey":"ajykwpgx.API_Connector.1.0.0.Release","createdDate":"2026-08-04T11:25:05.964Z","correlationId":"001299e5b6d24971858ffc1a71040567","message":"'workflowState.activeTaskName' value changed from 'Accept Shipment' to 'Validate Items In Stock'","oldValue":"Accept Shipment","newValue":"Validate Items In Stock","subject":"activeTaskName","userId":"12d4e2ea75c349da8145d2f661ebddae"},{"changeMessageId":"6a71cc11db3997534d80548f","appId":"12d4e2ea75c349da8145d2f661ebddae","appKey":"ajykwpgx.API_Connector.1.0.0.Release","createdDate":"2026-08-04T11:25:05.964Z","correlationId":"001299e5b6d24971858ffc1a71040567","message":"'workflowState.variables' map changes :\n  'shipmentAccepted' -> 'Shipment/6a71cbd586c0165dcc378f52#workflowState/variables/shipmentAccepted' added","subject":"variables","userId":"12d4e2ea75c349da8145d2f661ebddae"},{"changeMessageId":"6a71cc11db3997534d80549e","appId":"12d4e2ea75c349da8145d2f661ebddae","appKey":"ajykwpgx.API_Connector.1.0.0.Release","createdDate":"2026-08-04T11:25:05.975Z","correlationId":"001299e5b6d24971858ffc1a71040567","message":"'acceptedDate' value changed from '' to '2026-08-04T11:25:05.972686Z'","oldValue":"null","newValue":"2026-08-04T11:25:05.972686Z","subject":"acceptedDate","userId":"12d4e2ea75c349da8145d2f661ebddae"},{"changeMessageId":"6a71cc11db3997534d80549f","appId":"12d4e2ea75c349da8145d2f661ebddae","appKey":"ajykwpgx.API_Connector.1.0.0.Release","createdDate":"2026-08-04T11:25:05.976Z","correlationId":"001299e5b6d24971858ffc1a71040567","message":"'lastModifiedDate' value changed from '2026-08-04T11:25:05.966Z' to '2026-08-04T11:25:05.966633Z'","oldValue":"2026-08-04T11:25:05.966Z","newValue":"2026-08-04T11:25:05.966633Z","subject":"lastModifiedDate","userId":"12d4e2ea75c349da8145d2f661ebddae"},{"changeMessageId":"6a71cc1cdb3997534d806117","appId":"12d4e2ea75c349da8145d2f661ebddae","appKey":"ajykwpgx.API_Connector.1.0.0.Release","createdDate":"2026-08-04T11:25:16.004Z","correlationId":"478877b82996400cb43a89c8addef890","message":"'shipmentNotes' collection changes :\n  0. 'ShipmentNote/2026-08-04T05:25:15.776442082' added","subject":"shipmentNotes","userId":"12d4e2ea75c349da8145d2f661ebddae"}],"email":"mgowda@kognivera.com","acceptedDate":"2026-08-04T11:25:05.972Z","isExpress":false,"auditInfo":{"updateDate":"2026-08-04T11:25:16Z","createDate":"2026-08-04T11:24:05Z","updateBy":"12d4e2ea75c349da8145d2f661ebddae","createBy":"2CC1D66690B6427698BA2D374AEBC96D"},"readyToCapture":true,"isOptInForSms":false,"shopperNotes":{},"shipmentNotes":[{"noteId":"2026-08-04T05:25:15.776442082","noteText":"Create Shipment API returned status: Best Quotation Error: EnvioClick No Rates Found:Skydropx No Rates Found","username":"12d4e2ea75c349da8145d2f661ebddae","role":"Manager","auditInfo":{"updateDate":"2026-08-04T11:25:15Z","createDate":"2026-08-04T11:25:15Z","updateBy":"12d4e2ea75c349da8145d2f661ebddae","createBy":"12d4e2ea75c349da8145d2f661ebddae"}}],"isAutoAssigned":true,"isHistoricalImport":false,"substitutedItems":[],"orderType":"Online","workflowProcessVersion":"1.2518.0","isFlatRateShipping":true,"slas":[],"shipmentGroup":"group-2201-2026-08-07T00:02:00Z","groupId":"778a347050a2f94f89b76e0595437990","carrier":"FDA Flat Rate","shipmentAttributes":[],"_links":{"self":{"href":"https://t1000490-s1000992.sb.usc1.gcp.kibocommerce.com/api/commerce/shipments/32242"},"shipments":{"href":"https://t1000490-s1000992.sb.usc1.gcp.kibocommerce.com/api/commerce/shipments"},"tasks":{"href":"https://t1000490-s1000992.sb.usc1.gcp.kibocommerce.com/api/commerce/shipments/32242/tasks"},"workflowInstanceImage":{"href":"https://t1000490-s1000992.sb.usc1.gcp.kibocommerce.com/api/commerce/shipments/32242/workflow-instance-image"},"backorder":{"href":"https://t1000490-s1000992.sb.usc1.gcp.kibocommerce.com/api/commerce/shipments/32242/backordered","method":"POST"},"backorderItems":{"href":"https://t1000490-s1000992.sb.usc1.gcp.kibocommerce.com/api/commerce/shipments/32242/backorderedItems","method":"POST"},"reject":{"href":"https://t1000490-s1000992.sb.usc1.gcp.kibocommerce.com/api/commerce/shipments/32242/rejected","method":"PUT"},"rejectItems":{"href":"https://t1000490-s1000992.sb.usc1.gcp.kibocommerce.com/api/commerce/shipments/32242/rejectedItems","method":"PUT"},"cancel":{"href":"https://t1000490-s1000992.sb.usc1.gcp.kibocommerce.com/api/commerce/shipments/32242/canceled","method":"PUT"},"fulfill":{"href":"https://t1000490-s1000992.sb.usc1.gcp.kibocommerce.com/api/commerce/shipments/32242/fulfilled","method":"PUT"},"reassign":{"href":"https://t1000490-s1000992.sb.usc1.gcp.kibocommerce.com/api/commerce/shipments/32242/reassigned","method":"PUT"},"reassignItems":{"href":"https://t1000490-s1000992.sb.usc1.gcp.kibocommerce.com/api/commerce/shipments/32242/reassignedItems","method":"PUT"},"cancelItems":{"href":"https://t1000490-s1000992.sb.usc1.gcp.kibocommerce.com/api/commerce/shipments/32242/canceledItems","method":"PUT"}}}]},"_links":{"self":{"href":"https://t1000490-s1000992.sb.usc1.gcp.kibocommerce.com/api/commerce/shipments?filter=orderId%3D%3D1b7229bd1bab2700014d7bb0000f442a&page=0&pageSize=200"}},"page":{"size":200,"totalElements":1,"totalPages":1,"number":0}}
2026-08-04 16:56:48 INFO  FDA_Automation_Script.FDA_Automation_Script.utils.LoggerUtility - 3PL data not ready — deliveryPartner='', tplShipmentId=''. Waiting 30s...
2026-08-04 16:57:18 INFO  FDA_Automation_Script.FDA_Automation_Script.utils.LoggerUtility - Kibo shipment data poll attempt 5/20
2026-08-04 16:57:18 INFO  FDA_Automation_Script.FDA_Automation_Script.utils.LoggerUtility - ========== Get Shipments by Order ID ==========
2026-08-04 16:57:18 INFO  FDA_Automation_Script.FDA_Automation_Script.utils.LoggerUtility - Calling Kibo Get Shipments API: https://t1000490-s1000992.sb.usc1.gcp.kibocommerce.com/api/commerce/shipments filter=orderId==1b7229bd1bab2700014d7bb0000f442a
2026-08-04 16:57:18 INFO  FDA_Automation_Script.FDA_Automation_Script.utils.LoggerUtility - Get Shipments by OrderId Status : 200
2026-08-04 16:57:18 INFO  FDA_Automation_Script.FDA_Automation_Script.utils.LoggerUtility - Get Shipments by OrderId Body   : {"_embedded":{"shipments":[{"shipmentNumber":32242,"orderId":"1b7229bd1bab2700014d7bb0000f442a","orderNumber":28888,"orderSubmitDate":"2026-08-04T11:24:05.366Z","externalOrderId":"4000273592WEB","customerAccountId":1047,"tenantId":1000490,"siteId":1000992,"shipmentType":"STH","shipmentStatus":"READY","fulfillmentLocationCode":"2201","assignedLocationCode":"2201","workflowProcessId":"FDA_Custom_STH_WF_V1.0","workflowProcessContainerId":"KUPT.kibo-fulfillment-workflows-fda","shipmentAdjustment":0.0,"lineItemSubtotal":400.0,"lineItemTaxAdjustment":0.0,"lineItemTaxTotal":0.0,"lineItemTotal":400.0,"shippingAdjustment":0.0,"shippingSubtotal":0.0,"shippingTaxAdjustment":0.0,"shippingTaxTotal":0.0,"shippingTotal":0.0,"handlingAdjustment":0.0,"handlingSubtotal":0.0,"handlingTaxAdjustment":0.0,"handlingTaxTotal":0.0,"handlingTotal":0.0,"dutyAdjustment":0.0,"dutyTotal":0.0,"total":400.0,"currencyCode":"MXN","destination":{"destinationContact":{"address":{"address1":"Calles Loren","address2":"12","cityOrTown":"Ciudad de México","countryCode":"MX","isValidated":false,"postalOrZipCode":"03610","stateOrProvince":"Ciudad de México"},"email":"mgowda@kognivera.com","firstName":"Mithu","lastNameOrSurname":"Gowda","shortFullName":"Mithu Gowda","fullName":"Mithu Gowda","phoneNumbers":{"mobile":"7022499246"}},"isDestinationCommercial":false},"customer":{"customerContact":{"address":{"address1":"Calles Loren","address2":"12","cityOrTown":"Ciudad de México","countryCode":"MX","isValidated":false,"postalOrZipCode":"03610","stateOrProvince":"Ciudad de México"},"email":"mgowda@kognivera.com","firstName":"Mithu","lastNameOrSurname":"Gowda","shortFullName":"Mithu Gowda","fullName":"Mithu Gowda","phoneNumbers":{"mobile":"7022499246"}}},"shippingMethodCode":"FDA Flat Rate","items":[{"attributes":{"Capacity":0,"Count":0},"lineId":1,"originalOrderItemId":"314073284a6d48198878b49c00bbc7f8","goodsType":"Physical","productCode":"78078094202","quantity":1,"transferQuantity":0,"imageUrl":"https://staging-media.fahorro.com/media/catalog/product/8/1/81a8ed61a45982c4.jpg?optimize=medium&fit=bounds&height=&width=","name":"Diamond Eye Combo Pack Monthly Color Contact Lenses113","upc":"78078094202","allowsBackOrder":false,"unitPrice":400.0,"isTaxable":false,"actualPrice":400.0,"itemDiscount":0.0,"lineItemCost":400.0,"itemTax":0.0,"shipping":0.0,"shippingDiscount":0.0,"shippingTax":0.0,"handling":0.0,"handlingDiscount":0.0,"handlingTax":0.0,"duty":0.0,"weightedShipmentAdjustment":0.0,"weightedLineItemTaxAdjustment":0.0,"weightedShippingAdjustment":0.0,"weightedShippingTaxAdjustment":0.0,"weightedHandlingAdjustment":0.0,"weightedHandlingTaxAdjustment":0.0,"weightedDutyAdjustment":0.0,"weightedOrderHandlingFee":0.0,"weightedOrderHandlingFeeTax":0.0,"weightedOrderHandlingFeeDiscount":0.0,"taxableShipping":0.0,"taxableLineItemCost":400.0,"taxableHandling":0.0,"data":{"edd":"2026-08-07T00:02:00Z","backOrder":"false","deliveryType":"FBO","fulfillmentLocationCode":"2201"},"auditInfo":{"updateDate":"2026-08-04T11:24:06Z","createDate":"2026-08-04T11:24:05Z","updateBy":"2CC1D66690B6427698BA2D374AEBC96D","createBy":"2CC1D66690B6427698BA2D374AEBC96D"},"options":[],"manageStock":true,"creditValue":400.0,"isAssemblyRequired":false,"allowsFutureAllocate":false,"isReservedInventory":false,"originalQuantity":1,"priceMode":"Internal"}],"canceledItems":[],"reassignedItems":[],"rejectedItems":[],"transferredItems":[],"packages":[],"workflowState":{"shipmentState":"ACCEPTED_SHIPMENT","taskList":[{"name":"Accept Shipment","subject":"","inputs":[{"name":"shipmentAccepted","type":"BOOLEAN"}],"active":false,"completed":true,"completedDate":"2026-08-04T11:25:05.746Z","activeDate":"2026-08-04T11:24:05.974Z","completedDurationMillis":59772,"_links":{}},{"taskId":"493890","name":"Validate Items In Stock","subject":"","description":"Validate stock","skippable":true,"inputs":[{"name":"createTransfer","type":"BOOLEAN"},{"name":"stockLevel","type":"STRING"}],"active":true,"completed":false,"activeDate":"2026-08-04T11:25:05.761Z","_links":{"skip":{"href":"https://t1000490-s1000992.sb.usc1.gcp.kibocommerce.com/api/commerce/shipments/32242/tasks/Validate%20Items%20In%20Stock/skipped","method":"PUT"},"execute":{"href":"https://t1000490-s1000992.sb.usc1.gcp.kibocommerce.com/api/commerce/shipments/32242/tasks/Validate%20Items%20In%20Stock/completed","method":"PUT"}}},{"name":"Wait for Transfer","subject":"Wait for Transfer","inputs":[],"active":false,"completed":false,"_links":{}},{"name":"Print Packing Slip","subject":"","inputs":[{"name":"back","type":"BOOLEAN"}],"active":false,"completed":false,"_links":{}},{"name":"Prepare for Shipment","subject":"","inputs":[{"name":"canceled","type":"BOOLEAN"},{"name":"back","type":"BOOLEAN"}],"active":false,"completed":false,"_links":{}},{"name":"Dispatched","subject":"","inputs":[],"active":false,"completed":false,"_links":{}}],"activeTaskName":"Validate Items In Stock","processInstanceId":"317217","auditInfo":{"updateDate":"2026-08-04T11:25:16Z","createDate":"2026-08-04T11:24:05Z","updateBy":"12d4e2ea75c349da8145d2f661ebddae","createBy":"2CC1D66690B6427698BA2D374AEBC96D"},"variables":{"initiator":{"name":"initiator","oldValue":"","value":"wbadmin","updateDate":"2026-08-04T11:24:05Z"},"currentState":{"name":"currentState","oldValue":"PRE_ACCEPT_SHIPMENT","value":"ACCEPTED_SHIPMENT","updateDate":"2026-08-04T11:25:05Z"},"shipmentAccepted":{"name":"shipmentAccepted","oldValue":"","value":"true","updateDate":"2026-08-04T11:25:05Z"}}},"changeMessages":[{"changeMessageId":"6a71cbd686c0165dcc378fcf","appId":"2CC1D66690B6427698BA2D374AEBC96D","appKey":"mozu.CommerceRuntimeOrderQueueService.2628.0.0.Release","createdDate":"2026-08-04T11:24:06.421Z","correlationId":"57ae3489c9d44690a9340c4be8da7c3b","message":"'workflowState.shipmentState' value changed from '' to 'PRE_ACCEPT_SHIPMENT'","oldValue":"null","newValue":"PRE_ACCEPT_SHIPMENT","subject":"shipmentState","userId":"2CC1D66690B6427698BA2D374AEBC96D"},{"changeMessageId":"6a71cbd686c0165dcc378fd0","appId":"2CC1D66690B6427698BA2D374AEBC96D","appKey":"mozu.CommerceRuntimeOrderQueueService.2628.0.0.Release","createdDate":"2026-08-04T11:24:06.421Z","correlationId":"57ae3489c9d44690a9340c4be8da7c3b","message":"'workflowState.activeTaskName' value changed from '' to 'Accept Shipment'","oldValue":"null","newValue":"Accept Shipment","subject":"activeTaskName","userId":"2CC1D66690B6427698BA2D374AEBC96D"},{"changeMessageId":"6a71cbd686c0165dcc378fd1","appId":"2CC1D66690B6427698BA2D374AEBC96D","appKey":"mozu.CommerceRuntimeOrderQueueService.2628.0.0.Release","createdDate":"2026-08-04T11:24:06.421Z","correlationId":"57ae3489c9d44690a9340c4be8da7c3b","message":"'shipmentStatus' value changed from '' to 'READY'","oldValue":"null","newValue":"READY","subject":"shipmentStatus","userId":"2CC1D66690B6427698BA2D374AEBC96D"},{"changeMessageId":"6a71cbd686c0165dcc378fd2","appId":"2CC1D66690B6427698BA2D374AEBC96D","appKey":"mozu.CommerceRuntimeOrderQueueService.2628.0.0.Release","createdDate":"2026-08-04T11:24:06.421Z","correlationId":"57ae3489c9d44690a9340c4be8da7c3b","message":"Shipment [32242] created","userId":"2CC1D66690B6427698BA2D374AEBC96D"},{"changeMessageId":"6a71cc11db3997534d805487","appId":"12d4e2ea75c349da8145d2f661ebddae","appKey":"ajykwpgx.API_Connector.1.0.0.Release","createdDate":"2026-08-04T11:25:05.963Z","correlationId":"001299e5b6d24971858ffc1a71040567","message":"'workflowState/variables/currentState.oldValue' value changed from '' to 'PRE_ACCEPT_SHIPMENT'","oldValue":"","newValue":"PRE_ACCEPT_SHIPMENT","subject":"oldValue","userId":"12d4e2ea75c349da8145d2f661ebddae"},{"changeMessageId":"6a71cc11db3997534d805488","appId":"12d4e2ea75c349da8145d2f661ebddae","appKey":"ajykwpgx.API_Connector.1.0.0.Release","createdDate":"2026-08-04T11:25:05.964Z","correlationId":"001299e5b6d24971858ffc1a71040567","message":"'workflowState/variables/currentState.value' value changed from 'PRE_ACCEPT_SHIPMENT' to 'ACCEPTED_SHIPMENT'","oldValue":"PRE_ACCEPT_SHIPMENT","newValue":"ACCEPTED_SHIPMENT","subject":"value","userId":"12d4e2ea75c349da8145d2f661ebddae"},{"changeMessageId":"6a71cc11db3997534d805489","appId":"12d4e2ea75c349da8145d2f661ebddae","appKey":"ajykwpgx.API_Connector.1.0.0.Release","createdDate":"2026-08-04T11:25:05.964Z","correlationId":"001299e5b6d24971858ffc1a71040567","message":"'workflowState/variables/currentState.updateDate' value changed from 'Tue Aug 04 11:24:05 UTC 2026' to 'Tue Aug 04 11:25:05 UTC 2026'","oldValue":"Tue Aug 04 11:24:05 UTC 2026","newValue":"Tue Aug 04 11:25:05 UTC 2026","subject":"updateDate","userId":"12d4e2ea75c349da8145d2f661ebddae"},{"changeMessageId":"6a71cc11db3997534d80548a","appId":"12d4e2ea75c349da8145d2f661ebddae","appKey":"ajykwpgx.API_Connector.1.0.0.Release","createdDate":"2026-08-04T11:25:05.964Z","correlationId":"001299e5b6d24971858ffc1a71040567","message":"'versionHash' value changed from '32452838' to '-419896078'","oldValue":"32452838","newValue":"-419896078","subject":"versionHash","userId":"12d4e2ea75c349da8145d2f661ebddae"},{"changeMessageId":"6a71cc11db3997534d80548b","appId":"12d4e2ea75c349da8145d2f661ebddae","appKey":"ajykwpgx.API_Connector.1.0.0.Release","createdDate":"2026-08-04T11:25:05.964Z","correlationId":"001299e5b6d24971858ffc1a71040567","message":"'lastModifiedDate' value changed from '2026-08-04T11:24:06.423Z' to '2026-08-04T11:25:05.957663Z'","oldValue":"2026-08-04T11:24:06.423Z","newValue":"2026-08-04T11:25:05.957663Z","subject":"lastModifiedDate","userId":"12d4e2ea75c349da8145d2f661ebddae"},{"changeMessageId":"6a71cc11db3997534d80548c","appId":"12d4e2ea75c349da8145d2f661ebddae","appKey":"ajykwpgx.API_Connector.1.0.0.Release","createdDate":"2026-08-04T11:25:05.964Z","correlationId":"001299e5b6d24971858ffc1a71040567","message":"'readyToCapture' value changed from 'false' to 'true'","oldValue":"false","newValue":"true","subject":"readyToCapture","userId":"12d4e2ea75c349da8145d2f661ebddae"},{"changeMessageId":"6a71cc11db3997534d80548d","appId":"12d4e2ea75c349da8145d2f661ebddae","appKey":"ajykwpgx.API_Connector.1.0.0.Release","createdDate":"2026-08-04T11:25:05.964Z","correlationId":"001299e5b6d24971858ffc1a71040567","message":"'workflowState.shipmentState' value changed from 'PRE_ACCEPT_SHIPMENT' to 'ACCEPTED_SHIPMENT'","oldValue":"PRE_ACCEPT_SHIPMENT","newValue":"ACCEPTED_SHIPMENT","subject":"shipmentState","userId":"12d4e2ea75c349da8145d2f661ebddae"},{"changeMessageId":"6a71cc11db3997534d80548e","appId":"12d4e2ea75c349da8145d2f661ebddae","appKey":"ajykwpgx.API_Connector.1.0.0.Release","createdDate":"2026-08-04T11:25:05.964Z","correlationId":"001299e5b6d24971858ffc1a71040567","message":"'workflowState.activeTaskName' value changed from 'Accept Shipment' to 'Validate Items In Stock'","oldValue":"Accept Shipment","newValue":"Validate Items In Stock","subject":"activeTaskName","userId":"12d4e2ea75c349da8145d2f661ebddae"},{"changeMessageId":"6a71cc11db3997534d80548f","appId":"12d4e2ea75c349da8145d2f661ebddae","appKey":"ajykwpgx.API_Connector.1.0.0.Release","createdDate":"2026-08-04T11:25:05.964Z","correlationId":"001299e5b6d24971858ffc1a71040567","message":"'workflowState.variables' map changes :\n  'shipmentAccepted' -> 'Shipment/6a71cbd586c0165dcc378f52#workflowState/variables/shipmentAccepted' added","subject":"variables","userId":"12d4e2ea75c349da8145d2f661ebddae"},{"changeMessageId":"6a71cc11db3997534d80549e","appId":"12d4e2ea75c349da8145d2f661ebddae","appKey":"ajykwpgx.API_Connector.1.0.0.Release","createdDate":"2026-08-04T11:25:05.975Z","correlationId":"001299e5b6d24971858ffc1a71040567","message":"'acceptedDate' value changed from '' to '2026-08-04T11:25:05.972686Z'","oldValue":"null","newValue":"2026-08-04T11:25:05.972686Z","subject":"acceptedDate","userId":"12d4e2ea75c349da8145d2f661ebddae"},{"changeMessageId":"6a71cc11db3997534d80549f","appId":"12d4e2ea75c349da8145d2f661ebddae","appKey":"ajykwpgx.API_Connector.1.0.0.Release","createdDate":"2026-08-04T11:25:05.976Z","correlationId":"001299e5b6d24971858ffc1a71040567","message":"'lastModifiedDate' value changed from '2026-08-04T11:25:05.966Z' to '2026-08-04T11:25:05.966633Z'","oldValue":"2026-08-04T11:25:05.966Z","newValue":"2026-08-04T11:25:05.966633Z","subject":"lastModifiedDate","userId":"12d4e2ea75c349da8145d2f661ebddae"},{"changeMessageId":"6a71cc1cdb3997534d806117","appId":"12d4e2ea75c349da8145d2f661ebddae","appKey":"ajykwpgx.API_Connector.1.0.0.Release","createdDate":"2026-08-04T11:25:16.004Z","correlationId":"478877b82996400cb43a89c8addef890","message":"'shipmentNotes' collection changes :\n  0. 'ShipmentNote/2026-08-04T05:25:15.776442082' added","subject":"shipmentNotes","userId":"12d4e2ea75c349da8145d2f661ebddae"}],"email":"mgowda@kognivera.com","acceptedDate":"2026-08-04T11:25:05.972Z","isExpress":false,"auditInfo":{"updateDate":"2026-08-04T11:25:16Z","createDate":"2026-08-04T11:24:05Z","updateBy":"12d4e2ea75c349da8145d2f661ebddae","createBy":"2CC1D66690B6427698BA2D374AEBC96D"},"readyToCapture":true,"isOptInForSms":false,"shopperNotes":{},"shipmentNotes":[{"noteId":"2026-08-04T05:25:15.776442082","noteText":"Create Shipment API returned status: Best Quotation Error: EnvioClick No Rates Found:Skydropx No Rates Found","username":"12d4e2ea75c349da8145d2f661ebddae","role":"Manager","auditInfo":{"updateDate":"2026-08-04T11:25:15Z","createDate":"2026-08-04T11:25:15Z","updateBy":"12d4e2ea75c349da8145d2f661ebddae","createBy":"12d4e2ea75c349da8145d2f661ebddae"}}],"isAutoAssigned":true,"isHistoricalImport":false,"substitutedItems":[],"orderType":"Online","workflowProcessVersion":"1.2518.0","isFlatRateShipping":true,"slas":[],"shipmentGroup":"group-2201-2026-08-07T00:02:00Z","groupId":"778a347050a2f94f89b76e0595437990","carrier":"FDA Flat Rate","shipmentAttributes":[],"_links":{"self":{"href":"https://t1000490-s1000992.sb.usc1.gcp.kibocommerce.com/api/commerce/shipments/32242"},"shipments":{"href":"https://t1000490-s1000992.sb.usc1.gcp.kibocommerce.com/api/commerce/shipments"},"tasks":{"href":"https://t1000490-s1000992.sb.usc1.gcp.kibocommerce.com/api/commerce/shipments/32242/tasks"},"workflowInstanceImage":{"href":"https://t1000490-s1000992.sb.usc1.gcp.kibocommerce.com/api/commerce/shipments/32242/workflow-instance-image"},"backorder":{"href":"https://t1000490-s1000992.sb.usc1.gcp.kibocommerce.com/api/commerce/shipments/32242/backordered","method":"POST"},"backorderItems":{"href":"https://t1000490-s1000992.sb.usc1.gcp.kibocommerce.com/api/commerce/shipments/32242/backorderedItems","method":"POST"},"reject":{"href":"https://t1000490-s1000992.sb.usc1.gcp.kibocommerce.com/api/commerce/shipments/32242/rejected","method":"PUT"},"rejectItems":{"href":"https://t1000490-s1000992.sb.usc1.gcp.kibocommerce.com/api/commerce/shipments/32242/rejectedItems","method":"PUT"},"cancel":{"href":"https://t1000490-s1000992.sb.usc1.gcp.kibocommerce.com/api/commerce/shipments/32242/canceled","method":"PUT"},"fulfill":{"href":"https://t1000490-s1000992.sb.usc1.gcp.kibocommerce.com/api/commerce/shipments/32242/fulfilled","method":"PUT"},"reassign":{"href":"https://t1000490-s1000992.sb.usc1.gcp.kibocommerce.com/api/commerce/shipments/32242/reassigned","method":"PUT"},"reassignItems":{"href":"https://t1000490-s1000992.sb.usc1.gcp.kibocommerce.com/api/commerce/shipments/32242/reassignedItems","method":"PUT"},"cancelItems":{"href":"https://t1000490-s1000992.sb.usc1.gcp.kibocommerce.com/api/commerce/shipments/32242/canceledItems","method":"PUT"}}}]},"_links":{"self":{"href":"https://t1000490-s1000992.sb.usc1.gcp.kibocommerce.com/api/commerce/shipments?filter=orderId%3D%3D1b7229bd1bab2700014d7bb0000f442a&page=0&pageSize=200"}},"page":{"size":200,"totalElements":1,"totalPages":1,"number":0}}
2026-08-04 16:57:18 INFO  FDA_Automation_Script.FDA_Automation_Script.utils.LoggerUtility - 3PL data not ready — deliveryPartner='', tplShipmentId=''. Waiting 30s...
2026-08-04 16:57:49 INFO  FDA_Automation_Script.FDA_Automation_Script.utils.LoggerUtility - Kibo shipment data poll attempt 6/20
2026-08-04 16:57:49 INFO  FDA_Automation_Script.FDA_Automation_Script.utils.LoggerUtility - ========== Get Shipments by Order ID ==========
2026-08-04 16:57:49 INFO  FDA_Automation_Script.FDA_Automation_Script.utils.LoggerUtility - Calling Kibo Get Shipments API: https://t1000490-s1000992.sb.usc1.gcp.kibocommerce.com/api/commerce/shipments filter=orderId==1b7229bd1bab2700014d7bb0000f442a
2026-08-04 16:57:49 INFO  FDA_Automation_Script.FDA_Automation_Script.utils.LoggerUtility - Get Shipments by OrderId Status : 200
2026-08-04 16:57:49 INFO  FDA_Automation_Script.FDA_Automation_Script.utils.LoggerUtility - Get Shipments by OrderId Body   : {"_embedded":{"shipments":[{"shipmentNumber":32242,"orderId":"1b7229bd1bab2700014d7bb0000f442a","orderNumber":28888,"orderSubmitDate":"2026-08-04T11:24:05.366Z","externalOrderId":"4000273592WEB","customerAccountId":1047,"tenantId":1000490,"siteId":1000992,"shipmentType":"STH","shipmentStatus":"READY","fulfillmentLocationCode":"2201","assignedLocationCode":"2201","workflowProcessId":"FDA_Custom_STH_WF_V1.0","workflowProcessContainerId":"KUPT.kibo-fulfillment-workflows-fda","shipmentAdjustment":0.0,"lineItemSubtotal":400.0,"lineItemTaxAdjustment":0.0,"lineItemTaxTotal":0.0,"lineItemTotal":400.0,"shippingAdjustment":0.0,"shippingSubtotal":0.0,"shippingTaxAdjustment":0.0,"shippingTaxTotal":0.0,"shippingTotal":0.0,"handlingAdjustment":0.0,"handlingSubtotal":0.0,"handlingTaxAdjustment":0.0,"handlingTaxTotal":0.0,"handlingTotal":0.0,"dutyAdjustment":0.0,"dutyTotal":0.0,"total":400.0,"currencyCode":"MXN","destination":{"destinationContact":{"address":{"address1":"Calles Loren","address2":"12","cityOrTown":"Ciudad de México","countryCode":"MX","isValidated":false,"postalOrZipCode":"03610","stateOrProvince":"Ciudad de México"},"email":"mgowda@kognivera.com","firstName":"Mithu","lastNameOrSurname":"Gowda","shortFullName":"Mithu Gowda","fullName":"Mithu Gowda","phoneNumbers":{"mobile":"7022499246"}},"isDestinationCommercial":false},"customer":{"customerContact":{"address":{"address1":"Calles Loren","address2":"12","cityOrTown":"Ciudad de México","countryCode":"MX","isValidated":false,"postalOrZipCode":"03610","stateOrProvince":"Ciudad de México"},"email":"mgowda@kognivera.com","firstName":"Mithu","lastNameOrSurname":"Gowda","shortFullName":"Mithu Gowda","fullName":"Mithu Gowda","phoneNumbers":{"mobile":"7022499246"}}},"shippingMethodCode":"FDA Flat Rate","items":[{"attributes":{"Capacity":0,"Count":0},"lineId":1,"originalOrderItemId":"314073284a6d48198878b49c00bbc7f8","goodsType":"Physical","productCode":"78078094202","quantity":1,"transferQuantity":0,"imageUrl":"https://staging-media.fahorro.com/media/catalog/product/8/1/81a8ed61a45982c4.jpg?optimize=medium&fit=bounds&height=&width=","name":"Diamond Eye Combo Pack Monthly Color Contact Lenses113","upc":"78078094202","allowsBackOrder":false,"unitPrice":400.0,"isTaxable":false,"actualPrice":400.0,"itemDiscount":0.0,"lineItemCost":400.0,"itemTax":0.0,"shipping":0.0,"shippingDiscount":0.0,"shippingTax":0.0,"handling":0.0,"handlingDiscount":0.0,"handlingTax":0.0,"duty":0.0,"weightedShipmentAdjustment":0.0,"weightedLineItemTaxAdjustment":0.0,"weightedShippingAdjustment":0.0,"weightedShippingTaxAdjustment":0.0,"weightedHandlingAdjustment":0.0,"weightedHandlingTaxAdjustment":0.0,"weightedDutyAdjustment":0.0,"weightedOrderHandlingFee":0.0,"weightedOrderHandlingFeeTax":0.0,"weightedOrderHandlingFeeDiscount":0.0,"taxableShipping":0.0,"taxableLineItemCost":400.0,"taxableHandling":0.0,"data":{"edd":"2026-08-07T00:02:00Z","backOrder":"false","deliveryType":"FBO","fulfillmentLocationCode":"2201"},"auditInfo":{"updateDate":"2026-08-04T11:24:06Z","createDate":"2026-08-04T11:24:05Z","updateBy":"2CC1D66690B6427698BA2D374AEBC96D","createBy":"2CC1D66690B6427698BA2D374AEBC96D"},"options":[],"manageStock":true,"creditValue":400.0,"isAssemblyRequired":false,"allowsFutureAllocate":false,"isReservedInventory":false,"originalQuantity":1,"priceMode":"Internal"}],"canceledItems":[],"reassignedItems":[],"rejectedItems":[],"transferredItems":[],"packages":[],"workflowState":{"shipmentState":"ACCEPTED_SHIPMENT","taskList":[{"name":"Accept Shipment","subject":"","inputs":[{"name":"shipmentAccepted","type":"BOOLEAN"}],"active":false,"completed":true,"completedDate":"2026-08-04T11:25:05.746Z","activeDate":"2026-08-04T11:24:05.974Z","completedDurationMillis":59772,"_links":{}},{"taskId":"493890","name":"Validate Items In Stock","subject":"","description":"Validate stock","skippable":true,"inputs":[{"name":"createTransfer","type":"BOOLEAN"},{"name":"stockLevel","type":"STRING"}],"active":true,"completed":false,"activeDate":"2026-08-04T11:25:05.761Z","_links":{"skip":{"href":"https://t1000490-s1000992.sb.usc1.gcp.kibocommerce.com/api/commerce/shipments/32242/tasks/Validate%20Items%20In%20Stock/skipped","method":"PUT"},"execute":{"href":"https://t1000490-s1000992.sb.usc1.gcp.kibocommerce.com/api/commerce/shipments/32242/tasks/Validate%20Items%20In%20Stock/completed","method":"PUT"}}},{"name":"Wait for Transfer","subject":"Wait for Transfer","inputs":[],"active":false,"completed":false,"_links":{}},{"name":"Print Packing Slip","subject":"","inputs":[{"name":"back","type":"BOOLEAN"}],"active":false,"completed":false,"_links":{}},{"name":"Prepare for Shipment","subject":"","inputs":[{"name":"canceled","type":"BOOLEAN"},{"name":"back","type":"BOOLEAN"}],"active":false,"completed":false,"_links":{}},{"name":"Dispatched","subject":"","inputs":[],"active":false,"completed":false,"_links":{}}],"activeTaskName":"Validate Items In Stock","processInstanceId":"317217","auditInfo":{"updateDate":"2026-08-04T11:25:16Z","createDate":"2026-08-04T11:24:05Z","updateBy":"12d4e2ea75c349da8145d2f661ebddae","createBy":"2CC1D66690B6427698BA2D374AEBC96D"},"variables":{"initiator":{"name":"initiator","oldValue":"","value":"wbadmin","updateDate":"2026-08-04T11:24:05Z"},"currentState":{"name":"currentState","oldValue":"PRE_ACCEPT_SHIPMENT","value":"ACCEPTED_SHIPMENT","updateDate":"2026-08-04T11:25:05Z"},"shipmentAccepted":{"name":"shipmentAccepted","oldValue":"","value":"true","updateDate":"2026-08-04T11:25:05Z"}}},"changeMessages":[{"changeMessageId":"6a71cbd686c0165dcc378fcf","appId":"2CC1D66690B6427698BA2D374AEBC96D","appKey":"mozu.CommerceRuntimeOrderQueueService.2628.0.0.Release","createdDate":"2026-08-04T11:24:06.421Z","correlationId":"57ae3489c9d44690a9340c4be8da7c3b","message":"'workflowState.shipmentState' value changed from '' to 'PRE_ACCEPT_SHIPMENT'","oldValue":"null","newValue":"PRE_ACCEPT_SHIPMENT","subject":"shipmentState","userId":"2CC1D66690B6427698BA2D374AEBC96D"},{"changeMessageId":"6a71cbd686c0165dcc378fd0","appId":"2CC1D66690B6427698BA2D374AEBC96D","appKey":"mozu.CommerceRuntimeOrderQueueService.2628.0.0.Release","createdDate":"2026-08-04T11:24:06.421Z","correlationId":"57ae3489c9d44690a9340c4be8da7c3b","message":"'workflowState.activeTaskName' value changed from '' to 'Accept Shipment'","oldValue":"null","newValue":"Accept Shipment","subject":"activeTaskName","userId":"2CC1D66690B6427698BA2D374AEBC96D"},{"changeMessageId":"6a71cbd686c0165dcc378fd1","appId":"2CC1D66690B6427698BA2D374AEBC96D","appKey":"mozu.CommerceRuntimeOrderQueueService.2628.0.0.Release","createdDate":"2026-08-04T11:24:06.421Z","correlationId":"57ae3489c9d44690a9340c4be8da7c3b","message":"'shipmentStatus' value changed from '' to 'READY'","oldValue":"null","newValue":"READY","subject":"shipmentStatus","userId":"2CC1D66690B6427698BA2D374AEBC96D"},{"changeMessageId":"6a71cbd686c0165dcc378fd2","appId":"2CC1D66690B6427698BA2D374AEBC96D","appKey":"mozu.CommerceRuntimeOrderQueueService.2628.0.0.Release","createdDate":"2026-08-04T11:24:06.421Z","correlationId":"57ae3489c9d44690a9340c4be8da7c3b","message":"Shipment [32242] created","userId":"2CC1D66690B6427698BA2D374AEBC96D"},{"changeMessageId":"6a71cc11db3997534d805487","appId":"12d4e2ea75c349da8145d2f661ebddae","appKey":"ajykwpgx.API_Connector.1.0.0.Release","createdDate":"2026-08-04T11:25:05.963Z","correlationId":"001299e5b6d24971858ffc1a71040567","message":"'workflowState/variables/currentState.oldValue' value changed from '' to 'PRE_ACCEPT_SHIPMENT'","oldValue":"","newValue":"PRE_ACCEPT_SHIPMENT","subject":"oldValue","userId":"12d4e2ea75c349da8145d2f661ebddae"},{"changeMessageId":"6a71cc11db3997534d805488","appId":"12d4e2ea75c349da8145d2f661ebddae","appKey":"ajykwpgx.API_Connector.1.0.0.Release","createdDate":"2026-08-04T11:25:05.964Z","correlationId":"001299e5b6d24971858ffc1a71040567","message":"'workflowState/variables/currentState.value' value changed from 'PRE_ACCEPT_SHIPMENT' to 'ACCEPTED_SHIPMENT'","oldValue":"PRE_ACCEPT_SHIPMENT","newValue":"ACCEPTED_SHIPMENT","subject":"value","userId":"12d4e2ea75c349da8145d2f661ebddae"},{"changeMessageId":"6a71cc11db3997534d805489","appId":"12d4e2ea75c349da8145d2f661ebddae","appKey":"ajykwpgx.API_Connector.1.0.0.Release","createdDate":"2026-08-04T11:25:05.964Z","correlationId":"001299e5b6d24971858ffc1a71040567","message":"'workflowState/variables/currentState.updateDate' value changed from 'Tue Aug 04 11:24:05 UTC 2026' to 'Tue Aug 04 11:25:05 UTC 2026'","oldValue":"Tue Aug 04 11:24:05 UTC 2026","newValue":"Tue Aug 04 11:25:05 UTC 2026","subject":"updateDate","userId":"12d4e2ea75c349da8145d2f661ebddae"},{"changeMessageId":"6a71cc11db3997534d80548a","appId":"12d4e2ea75c349da8145d2f661ebddae","appKey":"ajykwpgx.API_Connector.1.0.0.Release","createdDate":"2026-08-04T11:25:05.964Z","correlationId":"001299e5b6d24971858ffc1a71040567","message":"'versionHash' value changed from '32452838' to '-419896078'","oldValue":"32452838","newValue":"-419896078","subject":"versionHash","userId":"12d4e2ea75c349da8145d2f661ebddae"},{"changeMessageId":"6a71cc11db3997534d80548b","appId":"12d4e2ea75c349da8145d2f661ebddae","appKey":"ajykwpgx.API_Connector.1.0.0.Release","createdDate":"2026-08-04T11:25:05.964Z","correlationId":"001299e5b6d24971858ffc1a71040567","message":"'lastModifiedDate' value changed from '2026-08-04T11:24:06.423Z' to '2026-08-04T11:25:05.957663Z'","oldValue":"2026-08-04T11:24:06.423Z","newValue":"2026-08-04T11:25:05.957663Z","subject":"lastModifiedDate","userId":"12d4e2ea75c349da8145d2f661ebddae"},{"changeMessageId":"6a71cc11db3997534d80548c","appId":"12d4e2ea75c349da8145d2f661ebddae","appKey":"ajykwpgx.API_Connector.1.0.0.Release","createdDate":"2026-08-04T11:25:05.964Z","correlationId":"001299e5b6d24971858ffc1a71040567","message":"'readyToCapture' value changed from 'false' to 'true'","oldValue":"false","newValue":"true","subject":"readyToCapture","userId":"12d4e2ea75c349da8145d2f661ebddae"},{"changeMessageId":"6a71cc11db3997534d80548d","appId":"12d4e2ea75c349da8145d2f661ebddae","appKey":"ajykwpgx.API_Connector.1.0.0.Release","createdDate":"2026-08-04T11:25:05.964Z","correlationId":"001299e5b6d24971858ffc1a71040567","message":"'workflowState.shipmentState' value changed from 'PRE_ACCEPT_SHIPMENT' to 'ACCEPTED_SHIPMENT'","oldValue":"PRE_ACCEPT_SHIPMENT","newValue":"ACCEPTED_SHIPMENT","subject":"shipmentState","userId":"12d4e2ea75c349da8145d2f661ebddae"},{"changeMessageId":"6a71cc11db3997534d80548e","appId":"12d4e2ea75c349da8145d2f661ebddae","appKey":"ajykwpgx.API_Connector.1.0.0.Release","createdDate":"2026-08-04T11:25:05.964Z","correlationId":"001299e5b6d24971858ffc1a71040567","message":"'workflowState.activeTaskName' value changed from 'Accept Shipment' to 'Validate Items In Stock'","oldValue":"Accept Shipment","newValue":"Validate Items In Stock","subject":"activeTaskName","userId":"12d4e2ea75c349da8145d2f661ebddae"},{"changeMessageId":"6a71cc11db3997534d80548f","appId":"12d4e2ea75c349da8145d2f661ebddae","appKey":"ajykwpgx.API_Connector.1.0.0.Release","createdDate":"2026-08-04T11:25:05.964Z","correlationId":"001299e5b6d24971858ffc1a71040567","message":"'workflowState.variables' map changes :\n  'shipmentAccepted' -> 'Shipment/6a71cbd586c0165dcc378f52#workflowState/variables/shipmentAccepted' added","subject":"variables","userId":"12d4e2ea75c349da8145d2f661ebddae"},{"changeMessageId":"6a71cc11db3997534d80549e","appId":"12d4e2ea75c349da8145d2f661ebddae","appKey":"ajykwpgx.API_Connector.1.0.0.Release","createdDate":"2026-08-04T11:25:05.975Z","correlationId":"001299e5b6d24971858ffc1a71040567","message":"'acceptedDate' value changed from '' to '2026-08-04T11:25:05.972686Z'","oldValue":"null","newValue":"2026-08-04T11:25:05.972686Z","subject":"acceptedDate","userId":"12d4e2ea75c349da8145d2f661ebddae"},{"changeMessageId":"6a71cc11db3997534d80549f","appId":"12d4e2ea75c349da8145d2f661ebddae","appKey":"ajykwpgx.API_Connector.1.0.0.Release","createdDate":"2026-08-04T11:25:05.976Z","correlationId":"001299e5b6d24971858ffc1a71040567","message":"'lastModifiedDate' value changed from '2026-08-04T11:25:05.966Z' to '2026-08-04T11:25:05.966633Z'","oldValue":"2026-08-04T11:25:05.966Z","newValue":"2026-08-04T11:25:05.966633Z","subject":"lastModifiedDate","userId":"12d4e2ea75c349da8145d2f661ebddae"},{"changeMessageId":"6a71cc1cdb3997534d806117","appId":"12d4e2ea75c349da8145d2f661ebddae","appKey":"ajykwpgx.API_Connector.1.0.0.Release","createdDate":"2026-08-04T11:25:16.004Z","correlationId":"478877b82996400cb43a89c8addef890","message":"'shipmentNotes' collection changes :\n  0. 'ShipmentNote/2026-08-04T05:25:15.776442082' added","subject":"shipmentNotes","userId":"12d4e2ea75c349da8145d2f661ebddae"}],"email":"mgowda@kognivera.com","acceptedDate":"2026-08-04T11:25:05.972Z","isExpress":false,"auditInfo":{"updateDate":"2026-08-04T11:25:16Z","createDate":"2026-08-04T11:24:05Z","updateBy":"12d4e2ea75c349da8145d2f661ebddae","createBy":"2CC1D66690B6427698BA2D374AEBC96D"},"readyToCapture":true,"isOptInForSms":false,"shopperNotes":{},"shipmentNotes":[{"noteId":"2026-08-04T05:25:15.776442082","noteText":"Create Shipment API returned status: Best Quotation Error: EnvioClick No Rates Found:Skydropx No Rates Found","username":"12d4e2ea75c349da8145d2f661ebddae","role":"Manager","auditInfo":{"updateDate":"2026-08-04T11:25:15Z","createDate":"2026-08-04T11:25:15Z","updateBy":"12d4e2ea75c349da8145d2f661ebddae","createBy":"12d4e2ea75c349da8145d2f661ebddae"}}],"isAutoAssigned":true,"isHistoricalImport":false,"substitutedItems":[],"orderType":"Online","workflowProcessVersion":"1.2518.0","isFlatRateShipping":true,"slas":[],"shipmentGroup":"group-2201-2026-08-07T00:02:00Z","groupId":"778a347050a2f94f89b76e0595437990","carrier":"FDA Flat Rate","shipmentAttributes":[],"_links":{"self":{"href":"https://t1000490-s1000992.sb.usc1.gcp.kibocommerce.com/api/commerce/shipments/32242"},"shipments":{"href":"https://t1000490-s1000992.sb.usc1.gcp.kibocommerce.com/api/commerce/shipments"},"tasks":{"href":"https://t1000490-s1000992.sb.usc1.gcp.kibocommerce.com/api/commerce/shipments/32242/tasks"},"workflowInstanceImage":{"href":"https://t1000490-s1000992.sb.usc1.gcp.kibocommerce.com/api/commerce/shipments/32242/workflow-instance-image"},"backorder":{"href":"https://t1000490-s1000992.sb.usc1.gcp.kibocommerce.com/api/commerce/shipments/32242/backordered","method":"POST"},"backorderItems":{"href":"https://t1000490-s1000992.sb.usc1.gcp.kibocommerce.com/api/commerce/shipments/32242/backorderedItems","method":"POST"},"reject":{"href":"https://t1000490-s1000992.sb.usc1.gcp.kibocommerce.com/api/commerce/shipments/32242/rejected","method":"PUT"},"rejectItems":{"href":"https://t1000490-s1000992.sb.usc1.gcp.kibocommerce.com/api/commerce/shipments/32242/rejectedItems","method":"PUT"},"cancel":{"href":"https://t1000490-s1000992.sb.usc1.gcp.kibocommerce.com/api/commerce/shipments/32242/canceled","method":"PUT"},"fulfill":{"href":"https://t1000490-s1000992.sb.usc1.gcp.kibocommerce.com/api/commerce/shipments/32242/fulfilled","method":"PUT"},"reassign":{"href":"https://t1000490-s1000992.sb.usc1.gcp.kibocommerce.com/api/commerce/shipments/32242/reassigned","method":"PUT"},"reassignItems":{"href":"https://t1000490-s1000992.sb.usc1.gcp.kibocommerce.com/api/commerce/shipments/32242/reassignedItems","method":"PUT"},"cancelItems":{"href":"https://t1000490-s1000992.sb.usc1.gcp.kibocommerce.com/api/commerce/shipments/32242/canceledItems","method":"PUT"}}}]},"_links":{"self":{"href":"https://t1000490-s1000992.sb.usc1.gcp.kibocommerce.com/api/commerce/shipments?filter=orderId%3D%3D1b7229bd1bab2700014d7bb0000f442a&page=0&pageSize=200"}},"page":{"size":200,"totalElements":1,"totalPages":1,"number":0}}
2026-08-04 16:57:49 INFO  FDA_Automation_Script.FDA_Automation_Script.utils.LoggerUtility - 3PL data not ready — deliveryPartner='', tplShipmentId=''. Waiting 30s...
2026-08-04 16:58:19 INFO  FDA_Automation_Script.FDA_Automation_Script.utils.LoggerUtility - Kibo shipment data poll attempt 7/20
2026-08-04 16:58:19 INFO  FDA_Automation_Script.FDA_Automation_Script.utils.LoggerUtility - ========== Get Shipments by Order ID ==========
2026-08-04 16:58:19 INFO  FDA_Automation_Script.FDA_Automation_Script.utils.LoggerUtility - Calling Kibo Get Shipments API: https://t1000490-s1000992.sb.usc1.gcp.kibocommerce.com/api/commerce/shipments filter=orderId==1b7229bd1bab2700014d7bb0000f442a
2026-08-04 16:58:19 INFO  FDA_Automation_Script.FDA_Automation_Script.utils.LoggerUtility - Get Shipments by OrderId Status : 200
2026-08-04 16:58:19 INFO  FDA_Automation_Script.FDA_Automation_Script.utils.LoggerUtility - Get Shipments by OrderId Body   : {"_embedded":{"shipments":[{"shipmentNumber":32242,"orderId":"1b7229bd1bab2700014d7bb0000f442a","orderNumber":28888,"orderSubmitDate":"2026-08-04T11:24:05.366Z","externalOrderId":"4000273592WEB","customerAccountId":1047,"tenantId":1000490,"siteId":1000992,"shipmentType":"STH","shipmentStatus":"READY","fulfillmentLocationCode":"2201","assignedLocationCode":"2201","workflowProcessId":"FDA_Custom_STH_WF_V1.0","workflowProcessContainerId":"KUPT.kibo-fulfillment-workflows-fda","shipmentAdjustment":0.0,"lineItemSubtotal":400.0,"lineItemTaxAdjustment":0.0,"lineItemTaxTotal":0.0,"lineItemTotal":400.0,"shippingAdjustment":0.0,"shippingSubtotal":0.0,"shippingTaxAdjustment":0.0,"shippingTaxTotal":0.0,"shippingTotal":0.0,"handlingAdjustment":0.0,"handlingSubtotal":0.0,"handlingTaxAdjustment":0.0,"handlingTaxTotal":0.0,"handlingTotal":0.0,"dutyAdjustment":0.0,"dutyTotal":0.0,"total":400.0,"currencyCode":"MXN","destination":{"destinationContact":{"address":{"address1":"Calles Loren","address2":"12","cityOrTown":"Ciudad de México","countryCode":"MX","isValidated":false,"postalOrZipCode":"03610","stateOrProvince":"Ciudad de México"},"email":"mgowda@kognivera.com","firstName":"Mithu","lastNameOrSurname":"Gowda","shortFullName":"Mithu Gowda","fullName":"Mithu Gowda","phoneNumbers":{"mobile":"7022499246"}},"isDestinationCommercial":false},"customer":{"customerContact":{"address":{"address1":"Calles Loren","address2":"12","cityOrTown":"Ciudad de México","countryCode":"MX","isValidated":false,"postalOrZipCode":"03610","stateOrProvince":"Ciudad de México"},"email":"mgowda@kognivera.com","firstName":"Mithu","lastNameOrSurname":"Gowda","shortFullName":"Mithu Gowda","fullName":"Mithu Gowda","phoneNumbers":{"mobile":"7022499246"}}},"shippingMethodCode":"FDA Flat Rate","items":[{"attributes":{"Capacity":0,"Count":0},"lineId":1,"originalOrderItemId":"314073284a6d48198878b49c00bbc7f8","goodsType":"Physical","productCode":"78078094202","quantity":1,"transferQuantity":0,"imageUrl":"https://staging-media.fahorro.com/media/catalog/product/8/1/81a8ed61a45982c4.jpg?optimize=medium&fit=bounds&height=&width=","name":"Diamond Eye Combo Pack Monthly Color Contact Lenses113","upc":"78078094202","allowsBackOrder":false,"unitPrice":400.0,"isTaxable":false,"actualPrice":400.0,"itemDiscount":0.0,"lineItemCost":400.0,"itemTax":0.0,"shipping":0.0,"shippingDiscount":0.0,"shippingTax":0.0,"handling":0.0,"handlingDiscount":0.0,"handlingTax":0.0,"duty":0.0,"weightedShipmentAdjustment":0.0,"weightedLineItemTaxAdjustment":0.0,"weightedShippingAdjustment":0.0,"weightedShippingTaxAdjustment":0.0,"weightedHandlingAdjustment":0.0,"weightedHandlingTaxAdjustment":0.0,"weightedDutyAdjustment":0.0,"weightedOrderHandlingFee":0.0,"weightedOrderHandlingFeeTax":0.0,"weightedOrderHandlingFeeDiscount":0.0,"taxableShipping":0.0,"taxableLineItemCost":400.0,"taxableHandling":0.0,"data":{"edd":"2026-08-07T00:02:00Z","backOrder":"false","deliveryType":"FBO","fulfillmentLocationCode":"2201"},"auditInfo":{"updateDate":"2026-08-04T11:24:06Z","createDate":"2026-08-04T11:24:05Z","updateBy":"2CC1D66690B6427698BA2D374AEBC96D","createBy":"2CC1D66690B6427698BA2D374AEBC96D"},"options":[],"manageStock":true,"creditValue":400.0,"isAssemblyRequired":false,"allowsFutureAllocate":false,"isReservedInventory":false,"originalQuantity":1,"priceMode":"Internal"}],"canceledItems":[],"reassignedItems":[],"rejectedItems":[],"transferredItems":[],"packages":[],"workflowState":{"shipmentState":"ACCEPTED_SHIPMENT","taskList":[{"name":"Accept Shipment","subject":"","inputs":[{"name":"shipmentAccepted","type":"BOOLEAN"}],"active":false,"completed":true,"completedDate":"2026-08-04T11:25:05.746Z","activeDate":"2026-08-04T11:24:05.974Z","completedDurationMillis":59772,"_links":{}},{"taskId":"493890","name":"Validate Items In Stock","subject":"","description":"Validate stock","skippable":true,"inputs":[{"name":"createTransfer","type":"BOOLEAN"},{"name":"stockLevel","type":"STRING"}],"active":true,"completed":false,"activeDate":"2026-08-04T11:25:05.761Z","_links":{"skip":{"href":"https://t1000490-s1000992.sb.usc1.gcp.kibocommerce.com/api/commerce/shipments/32242/tasks/Validate%20Items%20In%20Stock/skipped","method":"PUT"},"execute":{"href":"https://t1000490-s1000992.sb.usc1.gcp.kibocommerce.com/api/commerce/shipments/32242/tasks/Validate%20Items%20In%20Stock/completed","method":"PUT"}}},{"name":"Wait for Transfer","subject":"Wait for Transfer","inputs":[],"active":false,"completed":false,"_links":{}},{"name":"Print Packing Slip","subject":"","inputs":[{"name":"back","type":"BOOLEAN"}],"active":false,"completed":false,"_links":{}},{"name":"Prepare for Shipment","subject":"","inputs":[{"name":"canceled","type":"BOOLEAN"},{"name":"back","type":"BOOLEAN"}],"active":false,"completed":false,"_links":{}},{"name":"Dispatched","subject":"","inputs":[],"active":false,"completed":false,"_links":{}}],"activeTaskName":"Validate Items In Stock","processInstanceId":"317217","auditInfo":{"updateDate":"2026-08-04T11:25:16Z","createDate":"2026-08-04T11:24:05Z","updateBy":"12d4e2ea75c349da8145d2f661ebddae","createBy":"2CC1D66690B6427698BA2D374AEBC96D"},"variables":{"initiator":{"name":"initiator","oldValue":"","value":"wbadmin","updateDate":"2026-08-04T11:24:05Z"},"currentState":{"name":"currentState","oldValue":"PRE_ACCEPT_SHIPMENT","value":"ACCEPTED_SHIPMENT","updateDate":"2026-08-04T11:25:05Z"},"shipmentAccepted":{"name":"shipmentAccepted","oldValue":"","value":"true","updateDate":"2026-08-04T11:25:05Z"}}},"changeMessages":[{"changeMessageId":"6a71cbd686c0165dcc378fcf","appId":"2CC1D66690B6427698BA2D374AEBC96D","appKey":"mozu.CommerceRuntimeOrderQueueService.2628.0.0.Release","createdDate":"2026-08-04T11:24:06.421Z","correlationId":"57ae3489c9d44690a9340c4be8da7c3b","message":"'workflowState.shipmentState' value changed from '' to 'PRE_ACCEPT_SHIPMENT'","oldValue":"null","newValue":"PRE_ACCEPT_SHIPMENT","subject":"shipmentState","userId":"2CC1D66690B6427698BA2D374AEBC96D"},{"changeMessageId":"6a71cbd686c0165dcc378fd0","appId":"2CC1D66690B6427698BA2D374AEBC96D","appKey":"mozu.CommerceRuntimeOrderQueueService.2628.0.0.Release","createdDate":"2026-08-04T11:24:06.421Z","correlationId":"57ae3489c9d44690a9340c4be8da7c3b","message":"'workflowState.activeTaskName' value changed from '' to 'Accept Shipment'","oldValue":"null","newValue":"Accept Shipment","subject":"activeTaskName","userId":"2CC1D66690B6427698BA2D374AEBC96D"},{"changeMessageId":"6a71cbd686c0165dcc378fd1","appId":"2CC1D66690B6427698BA2D374AEBC96D","appKey":"mozu.CommerceRuntimeOrderQueueService.2628.0.0.Release","createdDate":"2026-08-04T11:24:06.421Z","correlationId":"57ae3489c9d44690a9340c4be8da7c3b","message":"'shipmentStatus' value changed from '' to 'READY'","oldValue":"null","newValue":"READY","subject":"shipmentStatus","userId":"2CC1D66690B6427698BA2D374AEBC96D"},{"changeMessageId":"6a71cbd686c0165dcc378fd2","appId":"2CC1D66690B6427698BA2D374AEBC96D","appKey":"mozu.CommerceRuntimeOrderQueueService.2628.0.0.Release","createdDate":"2026-08-04T11:24:06.421Z","correlationId":"57ae3489c9d44690a9340c4be8da7c3b","message":"Shipment [32242] created","userId":"2CC1D66690B6427698BA2D374AEBC96D"},{"changeMessageId":"6a71cc11db3997534d805487","appId":"12d4e2ea75c349da8145d2f661ebddae","appKey":"ajykwpgx.API_Connector.1.0.0.Release","createdDate":"2026-08-04T11:25:05.963Z","correlationId":"001299e5b6d24971858ffc1a71040567","message":"'workflowState/variables/currentState.oldValue' value changed from '' to 'PRE_ACCEPT_SHIPMENT'","oldValue":"","newValue":"PRE_ACCEPT_SHIPMENT","subject":"oldValue","userId":"12d4e2ea75c349da8145d2f661ebddae"},{"changeMessageId":"6a71cc11db3997534d805488","appId":"12d4e2ea75c349da8145d2f661ebddae","appKey":"ajykwpgx.API_Connector.1.0.0.Release","createdDate":"2026-08-04T11:25:05.964Z","correlationId":"001299e5b6d24971858ffc1a71040567","message":"'workflowState/variables/currentState.value' value changed from 'PRE_ACCEPT_SHIPMENT' to 'ACCEPTED_SHIPMENT'","oldValue":"PRE_ACCEPT_SHIPMENT","newValue":"ACCEPTED_SHIPMENT","subject":"value","userId":"12d4e2ea75c349da8145d2f661ebddae"},{"changeMessageId":"6a71cc11db3997534d805489","appId":"12d4e2ea75c349da8145d2f661ebddae","appKey":"ajykwpgx.API_Connector.1.0.0.Release","createdDate":"2026-08-04T11:25:05.964Z","correlationId":"001299e5b6d24971858ffc1a71040567","message":"'workflowState/variables/currentState.updateDate' value changed from 'Tue Aug 04 11:24:05 UTC 2026' to 'Tue Aug 04 11:25:05 UTC 2026'","oldValue":"Tue Aug 04 11:24:05 UTC 2026","newValue":"Tue Aug 04 11:25:05 UTC 2026","subject":"updateDate","userId":"12d4e2ea75c349da8145d2f661ebddae"},{"changeMessageId":"6a71cc11db3997534d80548a","appId":"12d4e2ea75c349da8145d2f661ebddae","appKey":"ajykwpgx.API_Connector.1.0.0.Release","createdDate":"2026-08-04T11:25:05.964Z","correlationId":"001299e5b6d24971858ffc1a71040567","message":"'versionHash' value changed from '32452838' to '-419896078'","oldValue":"32452838","newValue":"-419896078","subject":"versionHash","userId":"12d4e2ea75c349da8145d2f661ebddae"},{"changeMessageId":"6a71cc11db3997534d80548b","appId":"12d4e2ea75c349da8145d2f661ebddae","appKey":"ajykwpgx.API_Connector.1.0.0.Release","createdDate":"2026-08-04T11:25:05.964Z","correlationId":"001299e5b6d24971858ffc1a71040567","message":"'lastModifiedDate' value changed from '2026-08-04T11:24:06.423Z' to '2026-08-04T11:25:05.957663Z'","oldValue":"2026-08-04T11:24:06.423Z","newValue":"2026-08-04T11:25:05.957663Z","subject":"lastModifiedDate","userId":"12d4e2ea75c349da8145d2f661ebddae"},{"changeMessageId":"6a71cc11db3997534d80548c","appId":"12d4e2ea75c349da8145d2f661ebddae","appKey":"ajykwpgx.API_Connector.1.0.0.Release","createdDate":"2026-08-04T11:25:05.964Z","correlationId":"001299e5b6d24971858ffc1a71040567","message":"'readyToCapture' value changed from 'false' to 'true'","oldValue":"false","newValue":"true","subject":"readyToCapture","userId":"12d4e2ea75c349da8145d2f661ebddae"},{"changeMessageId":"6a71cc11db3997534d80548d","appId":"12d4e2ea75c349da8145d2f661ebddae","appKey":"ajykwpgx.API_Connector.1.0.0.Release","createdDate":"2026-08-04T11:25:05.964Z","correlationId":"001299e5b6d24971858ffc1a71040567","message":"'workflowState.shipmentState' value changed from 'PRE_ACCEPT_SHIPMENT' to 'ACCEPTED_SHIPMENT'","oldValue":"PRE_ACCEPT_SHIPMENT","newValue":"ACCEPTED_SHIPMENT","subject":"shipmentState","userId":"12d4e2ea75c349da8145d2f661ebddae"},{"changeMessageId":"6a71cc11db3997534d80548e","appId":"12d4e2ea75c349da8145d2f661ebddae","appKey":"ajykwpgx.API_Connector.1.0.0.Release","createdDate":"2026-08-04T11:25:05.964Z","correlationId":"001299e5b6d24971858ffc1a71040567","message":"'workflowState.activeTaskName' value changed from 'Accept Shipment' to 'Validate Items In Stock'","oldValue":"Accept Shipment","newValue":"Validate Items In Stock","subject":"activeTaskName","userId":"12d4e2ea75c349da8145d2f661ebddae"},{"changeMessageId":"6a71cc11db3997534d80548f","appId":"12d4e2ea75c349da8145d2f661ebddae","appKey":"ajykwpgx.API_Connector.1.0.0.Release","createdDate":"2026-08-04T11:25:05.964Z","correlationId":"001299e5b6d24971858ffc1a71040567","message":"'workflowState.variables' map changes :\n  'shipmentAccepted' -> 'Shipment/6a71cbd586c0165dcc378f52#workflowState/variables/shipmentAccepted' added","subject":"variables","userId":"12d4e2ea75c349da8145d2f661ebddae"},{"changeMessageId":"6a71cc11db3997534d80549e","appId":"12d4e2ea75c349da8145d2f661ebddae","appKey":"ajykwpgx.API_Connector.1.0.0.Release","createdDate":"2026-08-04T11:25:05.975Z","correlationId":"001299e5b6d24971858ffc1a71040567","message":"'acceptedDate' value changed from '' to '2026-08-04T11:25:05.972686Z'","oldValue":"null","newValue":"2026-08-04T11:25:05.972686Z","subject":"acceptedDate","userId":"12d4e2ea75c349da8145d2f661ebddae"},{"changeMessageId":"6a71cc11db3997534d80549f","appId":"12d4e2ea75c349da8145d2f661ebddae","appKey":"ajykwpgx.API_Connector.1.0.0.Release","createdDate":"2026-08-04T11:25:05.976Z","correlationId":"001299e5b6d24971858ffc1a71040567","message":"'lastModifiedDate' value changed from '2026-08-04T11:25:05.966Z' to '2026-08-04T11:25:05.966633Z'","oldValue":"2026-08-04T11:25:05.966Z","newValue":"2026-08-04T11:25:05.966633Z","subject":"lastModifiedDate","userId":"12d4e2ea75c349da8145d2f661ebddae"},{"changeMessageId":"6a71cc1cdb3997534d806117","appId":"12d4e2ea75c349da8145d2f661ebddae","appKey":"ajykwpgx.API_Connector.1.0.0.Release","createdDate":"2026-08-04T11:25:16.004Z","correlationId":"478877b82996400cb43a89c8addef890","message":"'shipmentNotes' collection changes :\n  0. 'ShipmentNote/2026-08-04T05:25:15.776442082' added","subject":"shipmentNotes","userId":"12d4e2ea75c349da8145d2f661ebddae"}],"email":"mgowda@kognivera.com","acceptedDate":"2026-08-04T11:25:05.972Z","isExpress":false,"auditInfo":{"updateDate":"2026-08-04T11:25:16Z","createDate":"2026-08-04T11:24:05Z","updateBy":"12d4e2ea75c349da8145d2f661ebddae","createBy":"2CC1D66690B6427698BA2D374AEBC96D"},"readyToCapture":true,"isOptInForSms":false,"shopperNotes":{},"shipmentNotes":[{"noteId":"2026-08-04T05:25:15.776442082","noteText":"Create Shipment API returned status: Best Quotation Error: EnvioClick No Rates Found:Skydropx No Rates Found","username":"12d4e2ea75c349da8145d2f661ebddae","role":"Manager","auditInfo":{"updateDate":"2026-08-04T11:25:15Z","createDate":"2026-08-04T11:25:15Z","updateBy":"12d4e2ea75c349da8145d2f661ebddae","createBy":"12d4e2ea75c349da8145d2f661ebddae"}}],"isAutoAssigned":true,"isHistoricalImport":false,"substitutedItems":[],"orderType":"Online","workflowProcessVersion":"1.2518.0","isFlatRateShipping":true,"slas":[],"shipmentGroup":"group-2201-2026-08-07T00:02:00Z","groupId":"778a347050a2f94f89b76e0595437990","carrier":"FDA Flat Rate","shipmentAttributes":[],"_links":{"self":{"href":"https://t1000490-s1000992.sb.usc1.gcp.kibocommerce.com/api/commerce/shipments/32242"},"shipments":{"href":"https://t1000490-s1000992.sb.usc1.gcp.kibocommerce.com/api/commerce/shipments"},"tasks":{"href":"https://t1000490-s1000992.sb.usc1.gcp.kibocommerce.com/api/commerce/shipments/32242/tasks"},"workflowInstanceImage":{"href":"https://t1000490-s1000992.sb.usc1.gcp.kibocommerce.com/api/commerce/shipments/32242/workflow-instance-image"},"backorder":{"href":"https://t1000490-s1000992.sb.usc1.gcp.kibocommerce.com/api/commerce/shipments/32242/backordered","method":"POST"},"backorderItems":{"href":"https://t1000490-s1000992.sb.usc1.gcp.kibocommerce.com/api/commerce/shipments/32242/backorderedItems","method":"POST"},"reject":{"href":"https://t1000490-s1000992.sb.usc1.gcp.kibocommerce.com/api/commerce/shipments/32242/rejected","method":"PUT"},"rejectItems":{"href":"https://t1000490-s1000992.sb.usc1.gcp.kibocommerce.com/api/commerce/shipments/32242/rejectedItems","method":"PUT"},"cancel":{"href":"https://t1000490-s1000992.sb.usc1.gcp.kibocommerce.com/api/commerce/shipments/32242/canceled","method":"PUT"},"fulfill":{"href":"https://t1000490-s1000992.sb.usc1.gcp.kibocommerce.com/api/commerce/shipments/32242/fulfilled","method":"PUT"},"reassign":{"href":"https://t1000490-s1000992.sb.usc1.gcp.kibocommerce.com/api/commerce/shipments/32242/reassigned","method":"PUT"},"reassignItems":{"href":"https://t1000490-s1000992.sb.usc1.gcp.kibocommerce.com/api/commerce/shipments/32242/reassignedItems","method":"PUT"},"cancelItems":{"href":"https://t1000490-s1000992.sb.usc1.gcp.kibocommerce.com/api/commerce/shipments/32242/canceledItems","method":"PUT"}}}]},"_links":{"self":{"href":"https://t1000490-s1000992.sb.usc1.gcp.kibocommerce.com/api/commerce/shipments?filter=orderId%3D%3D1b7229bd1bab2700014d7bb0000f442a&page=0&pageSize=200"}},"page":{"size":200,"totalElements":1,"totalPages":1,"number":0}}
2026-08-04 16:58:20 INFO  FDA_Automation_Script.FDA_Automation_Script.utils.LoggerUtility - 3PL data not ready — deliveryPartner='', tplShipmentId=''. Waiting 30s...
2026-08-04 16:58:50 INFO  FDA_Automation_Script.FDA_Automation_Script.utils.LoggerUtility - Kibo shipment data poll attempt 8/20
2026-08-04 16:58:50 INFO  FDA_Automation_Script.FDA_Automation_Script.utils.LoggerUtility - ========== Get Shipments by Order ID ==========
2026-08-04 16:58:50 INFO  FDA_Automation_Script.FDA_Automation_Script.utils.LoggerUtility - Calling Kibo Get Shipments API: https://t1000490-s1000992.sb.usc1.gcp.kibocommerce.com/api/commerce/shipments filter=orderId==1b7229bd1bab2700014d7bb0000f442a
2026-08-04 16:58:50 INFO  FDA_Automation_Script.FDA_Automation_Script.utils.LoggerUtility - Get Shipments by OrderId Status : 200
2026-08-04 16:58:50 INFO  FDA_Automation_Script.FDA_Automation_Script.utils.LoggerUtility - Get Shipments by OrderId Body   : {"_embedded":{"shipments":[{"shipmentNumber":32242,"orderId":"1b7229bd1bab2700014d7bb0000f442a","orderNumber":28888,"orderSubmitDate":"2026-08-04T11:24:05.366Z","externalOrderId":"4000273592WEB","customerAccountId":1047,"tenantId":1000490,"siteId":1000992,"shipmentType":"STH","shipmentStatus":"READY","fulfillmentLocationCode":"2201","assignedLocationCode":"2201","workflowProcessId":"FDA_Custom_STH_WF_V1.0","workflowProcessContainerId":"KUPT.kibo-fulfillment-workflows-fda","shipmentAdjustment":0.0,"lineItemSubtotal":400.0,"lineItemTaxAdjustment":0.0,"lineItemTaxTotal":0.0,"lineItemTotal":400.0,"shippingAdjustment":0.0,"shippingSubtotal":0.0,"shippingTaxAdjustment":0.0,"shippingTaxTotal":0.0,"shippingTotal":0.0,"handlingAdjustment":0.0,"handlingSubtotal":0.0,"handlingTaxAdjustment":0.0,"handlingTaxTotal":0.0,"handlingTotal":0.0,"dutyAdjustment":0.0,"dutyTotal":0.0,"total":400.0,"currencyCode":"MXN","destination":{"destinationContact":{"address":{"address1":"Calles Loren","address2":"12","cityOrTown":"Ciudad de México","countryCode":"MX","isValidated":false,"postalOrZipCode":"03610","stateOrProvince":"Ciudad de México"},"email":"mgowda@kognivera.com","firstName":"Mithu","lastNameOrSurname":"Gowda","shortFullName":"Mithu Gowda","fullName":"Mithu Gowda","phoneNumbers":{"mobile":"7022499246"}},"isDestinationCommercial":false},"customer":{"customerContact":{"address":{"address1":"Calles Loren","address2":"12","cityOrTown":"Ciudad de México","countryCode":"MX","isValidated":false,"postalOrZipCode":"03610","stateOrProvince":"Ciudad de México"},"email":"mgowda@kognivera.com","firstName":"Mithu","lastNameOrSurname":"Gowda","shortFullName":"Mithu Gowda","fullName":"Mithu Gowda","phoneNumbers":{"mobile":"7022499246"}}},"shippingMethodCode":"FDA Flat Rate","items":[{"attributes":{"Capacity":0,"Count":0},"lineId":1,"originalOrderItemId":"314073284a6d48198878b49c00bbc7f8","goodsType":"Physical","productCode":"78078094202","quantity":1,"transferQuantity":0,"imageUrl":"https://staging-media.fahorro.com/media/catalog/product/8/1/81a8ed61a45982c4.jpg?optimize=medium&fit=bounds&height=&width=","name":"Diamond Eye Combo Pack Monthly Color Contact Lenses113","upc":"78078094202","allowsBackOrder":false,"unitPrice":400.0,"isTaxable":false,"actualPrice":400.0,"itemDiscount":0.0,"lineItemCost":400.0,"itemTax":0.0,"shipping":0.0,"shippingDiscount":0.0,"shippingTax":0.0,"handling":0.0,"handlingDiscount":0.0,"handlingTax":0.0,"duty":0.0,"weightedShipmentAdjustment":0.0,"weightedLineItemTaxAdjustment":0.0,"weightedShippingAdjustment":0.0,"weightedShippingTaxAdjustment":0.0,"weightedHandlingAdjustment":0.0,"weightedHandlingTaxAdjustment":0.0,"weightedDutyAdjustment":0.0,"weightedOrderHandlingFee":0.0,"weightedOrderHandlingFeeTax":0.0,"weightedOrderHandlingFeeDiscount":0.0,"taxableShipping":0.0,"taxableLineItemCost":400.0,"taxableHandling":0.0,"data":{"edd":"2026-08-07T00:02:00Z","backOrder":"false","deliveryType":"FBO","fulfillmentLocationCode":"2201"},"auditInfo":{"updateDate":"2026-08-04T11:24:06Z","createDate":"2026-08-04T11:24:05Z","updateBy":"2CC1D66690B6427698BA2D374AEBC96D","createBy":"2CC1D66690B6427698BA2D374AEBC96D"},"options":[],"manageStock":true,"creditValue":400.0,"isAssemblyRequired":false,"allowsFutureAllocate":false,"isReservedInventory":false,"originalQuantity":1,"priceMode":"Internal"}],"canceledItems":[],"reassignedItems":[],"rejectedItems":[],"transferredItems":[],"packages":[],"workflowState":{"shipmentState":"ACCEPTED_SHIPMENT","taskList":[{"name":"Accept Shipment","subject":"","inputs":[{"name":"shipmentAccepted","type":"BOOLEAN"}],"active":false,"completed":true,"completedDate":"2026-08-04T11:25:05.746Z","activeDate":"2026-08-04T11:24:05.974Z","completedDurationMillis":59772,"_links":{}},{"taskId":"493890","name":"Validate Items In Stock","subject":"","description":"Validate stock","skippable":true,"inputs":[{"name":"createTransfer","type":"BOOLEAN"},{"name":"stockLevel","type":"STRING"}],"active":true,"completed":false,"activeDate":"2026-08-04T11:25:05.761Z","_links":{"skip":{"href":"https://t1000490-s1000992.sb.usc1.gcp.kibocommerce.com/api/commerce/shipments/32242/tasks/Validate%20Items%20In%20Stock/skipped","method":"PUT"},"execute":{"href":"https://t1000490-s1000992.sb.usc1.gcp.kibocommerce.com/api/commerce/shipments/32242/tasks/Validate%20Items%20In%20Stock/completed","method":"PUT"}}},{"name":"Wait for Transfer","subject":"Wait for Transfer","inputs":[],"active":false,"completed":false,"_links":{}},{"name":"Print Packing Slip","subject":"","inputs":[{"name":"back","type":"BOOLEAN"}],"active":false,"completed":false,"_links":{}},{"name":"Prepare for Shipment","subject":"","inputs":[{"name":"canceled","type":"BOOLEAN"},{"name":"back","type":"BOOLEAN"}],"active":false,"completed":false,"_links":{}},{"name":"Dispatched","subject":"","inputs":[],"active":false,"completed":false,"_links":{}}],"activeTaskName":"Validate Items In Stock","processInstanceId":"317217","auditInfo":{"updateDate":"2026-08-04T11:25:16Z","createDate":"2026-08-04T11:24:05Z","updateBy":"12d4e2ea75c349da8145d2f661ebddae","createBy":"2CC1D66690B6427698BA2D374AEBC96D"},"variables":{"initiator":{"name":"initiator","oldValue":"","value":"wbadmin","updateDate":"2026-08-04T11:24:05Z"},"currentState":{"name":"currentState","oldValue":"PRE_ACCEPT_SHIPMENT","value":"ACCEPTED_SHIPMENT","updateDate":"2026-08-04T11:25:05Z"},"shipmentAccepted":{"name":"shipmentAccepted","oldValue":"","value":"true","updateDate":"2026-08-04T11:25:05Z"}}},"changeMessages":[{"changeMessageId":"6a71cbd686c0165dcc378fcf","appId":"2CC1D66690B6427698BA2D374AEBC96D","appKey":"mozu.CommerceRuntimeOrderQueueService.2628.0.0.Release","createdDate":"2026-08-04T11:24:06.421Z","correlationId":"57ae3489c9d44690a9340c4be8da7c3b","message":"'workflowState.shipmentState' value changed from '' to 'PRE_ACCEPT_SHIPMENT'","oldValue":"null","newValue":"PRE_ACCEPT_SHIPMENT","subject":"shipmentState","userId":"2CC1D66690B6427698BA2D374AEBC96D"},{"changeMessageId":"6a71cbd686c0165dcc378fd0","appId":"2CC1D66690B6427698BA2D374AEBC96D","appKey":"mozu.CommerceRuntimeOrderQueueService.2628.0.0.Release","createdDate":"2026-08-04T11:24:06.421Z","correlationId":"57ae3489c9d44690a9340c4be8da7c3b","message":"'workflowState.activeTaskName' value changed from '' to 'Accept Shipment'","oldValue":"null","newValue":"Accept Shipment","subject":"activeTaskName","userId":"2CC1D66690B6427698BA2D374AEBC96D"},{"changeMessageId":"6a71cbd686c0165dcc378fd1","appId":"2CC1D66690B6427698BA2D374AEBC96D","appKey":"mozu.CommerceRuntimeOrderQueueService.2628.0.0.Release","createdDate":"2026-08-04T11:24:06.421Z","correlationId":"57ae3489c9d44690a9340c4be8da7c3b","message":"'shipmentStatus' value changed from '' to 'READY'","oldValue":"null","newValue":"READY","subject":"shipmentStatus","userId":"2CC1D66690B6427698BA2D374AEBC96D"},{"changeMessageId":"6a71cbd686c0165dcc378fd2","appId":"2CC1D66690B6427698BA2D374AEBC96D","appKey":"mozu.CommerceRuntimeOrderQueueService.2628.0.0.Release","createdDate":"2026-08-04T11:24:06.421Z","correlationId":"57ae3489c9d44690a9340c4be8da7c3b","message":"Shipment [32242] created","userId":"2CC1D66690B6427698BA2D374AEBC96D"},{"changeMessageId":"6a71cc11db3997534d805487","appId":"12d4e2ea75c349da8145d2f661ebddae","appKey":"ajykwpgx.API_Connector.1.0.0.Release","createdDate":"2026-08-04T11:25:05.963Z","correlationId":"001299e5b6d24971858ffc1a71040567","message":"'workflowState/variables/currentState.oldValue' value changed from '' to 'PRE_ACCEPT_SHIPMENT'","oldValue":"","newValue":"PRE_ACCEPT_SHIPMENT","subject":"oldValue","userId":"12d4e2ea75c349da8145d2f661ebddae"},{"changeMessageId":"6a71cc11db3997534d805488","appId":"12d4e2ea75c349da8145d2f661ebddae","appKey":"ajykwpgx.API_Connector.1.0.0.Release","createdDate":"2026-08-04T11:25:05.964Z","correlationId":"001299e5b6d24971858ffc1a71040567","message":"'workflowState/variables/currentState.value' value changed from 'PRE_ACCEPT_SHIPMENT' to 'ACCEPTED_SHIPMENT'","oldValue":"PRE_ACCEPT_SHIPMENT","newValue":"ACCEPTED_SHIPMENT","subject":"value","userId":"12d4e2ea75c349da8145d2f661ebddae"},{"changeMessageId":"6a71cc11db3997534d805489","appId":"12d4e2ea75c349da8145d2f661ebddae","appKey":"ajykwpgx.API_Connector.1.0.0.Release","createdDate":"2026-08-04T11:25:05.964Z","correlationId":"001299e5b6d24971858ffc1a71040567","message":"'workflowState/variables/currentState.updateDate' value changed from 'Tue Aug 04 11:24:05 UTC 2026' to 'Tue Aug 04 11:25:05 UTC 2026'","oldValue":"Tue Aug 04 11:24:05 UTC 2026","newValue":"Tue Aug 04 11:25:05 UTC 2026","subject":"updateDate","userId":"12d4e2ea75c349da8145d2f661ebddae"},{"changeMessageId":"6a71cc11db3997534d80548a","appId":"12d4e2ea75c349da8145d2f661ebddae","appKey":"ajykwpgx.API_Connector.1.0.0.Release","createdDate":"2026-08-04T11:25:05.964Z","correlationId":"001299e5b6d24971858ffc1a71040567","message":"'versionHash' value changed from '32452838' to '-419896078'","oldValue":"32452838","newValue":"-419896078","subject":"versionHash","userId":"12d4e2ea75c349da8145d2f661ebddae"},{"changeMessageId":"6a71cc11db3997534d80548b","appId":"12d4e2ea75c349da8145d2f661ebddae","appKey":"ajykwpgx.API_Connector.1.0.0.Release","createdDate":"2026-08-04T11:25:05.964Z","correlationId":"001299e5b6d24971858ffc1a71040567","message":"'lastModifiedDate' value changed from '2026-08-04T11:24:06.423Z' to '2026-08-04T11:25:05.957663Z'","oldValue":"2026-08-04T11:24:06.423Z","newValue":"2026-08-04T11:25:05.957663Z","subject":"lastModifiedDate","userId":"12d4e2ea75c349da8145d2f661ebddae"},{"changeMessageId":"6a71cc11db3997534d80548c","appId":"12d4e2ea75c349da8145d2f661ebddae","appKey":"ajykwpgx.API_Connector.1.0.0.Release","createdDate":"2026-08-04T11:25:05.964Z","correlationId":"001299e5b6d24971858ffc1a71040567","message":"'readyToCapture' value changed from 'false' to 'true'","oldValue":"false","newValue":"true","subject":"readyToCapture","userId":"12d4e2ea75c349da8145d2f661ebddae"},{"changeMessageId":"6a71cc11db3997534d80548d","appId":"12d4e2ea75c349da8145d2f661ebddae","appKey":"ajykwpgx.API_Connector.1.0.0.Release","createdDate":"2026-08-04T11:25:05.964Z","correlationId":"001299e5b6d24971858ffc1a71040567","message":"'workflowState.shipmentState' value changed from 'PRE_ACCEPT_SHIPMENT' to 'ACCEPTED_SHIPMENT'","oldValue":"PRE_ACCEPT_SHIPMENT","newValue":"ACCEPTED_SHIPMENT","subject":"shipmentState","userId":"12d4e2ea75c349da8145d2f661ebddae"},{"changeMessageId":"6a71cc11db3997534d80548e","appId":"12d4e2ea75c349da8145d2f661ebddae","appKey":"ajykwpgx.API_Connector.1.0.0.Release","createdDate":"2026-08-04T11:25:05.964Z","correlationId":"001299e5b6d24971858ffc1a71040567","message":"'workflowState.activeTaskName' value changed from 'Accept Shipment' to 'Validate Items In Stock'","oldValue":"Accept Shipment","newValue":"Validate Items In Stock","subject":"activeTaskName","userId":"12d4e2ea75c349da8145d2f661ebddae"},{"changeMessageId":"6a71cc11db3997534d80548f","appId":"12d4e2ea75c349da8145d2f661ebddae","appKey":"ajykwpgx.API_Connector.1.0.0.Release","createdDate":"2026-08-04T11:25:05.964Z","correlationId":"001299e5b6d24971858ffc1a71040567","message":"'workflowState.variables' map changes :\n  'shipmentAccepted' -> 'Shipment/6a71cbd586c0165dcc378f52#workflowState/variables/shipmentAccepted' added","subject":"variables","userId":"12d4e2ea75c349da8145d2f661ebddae"},{"changeMessageId":"6a71cc11db3997534d80549e","appId":"12d4e2ea75c349da8145d2f661ebddae","appKey":"ajykwpgx.API_Connector.1.0.0.Release","createdDate":"2026-08-04T11:25:05.975Z","correlationId":"001299e5b6d24971858ffc1a71040567","message":"'acceptedDate' value changed from '' to '2026-08-04T11:25:05.972686Z'","oldValue":"null","newValue":"2026-08-04T11:25:05.972686Z","subject":"acceptedDate","userId":"12d4e2ea75c349da8145d2f661ebddae"},{"changeMessageId":"6a71cc11db3997534d80549f","appId":"12d4e2ea75c349da8145d2f661ebddae","appKey":"ajykwpgx.API_Connector.1.0.0.Release","createdDate":"2026-08-04T11:25:05.976Z","correlationId":"001299e5b6d24971858ffc1a71040567","message":"'lastModifiedDate' value changed from '2026-08-04T11:25:05.966Z' to '2026-08-04T11:25:05.966633Z'","oldValue":"2026-08-04T11:25:05.966Z","newValue":"2026-08-04T11:25:05.966633Z","subject":"lastModifiedDate","userId":"12d4e2ea75c349da8145d2f661ebddae"},{"changeMessageId":"6a71cc1cdb3997534d806117","appId":"12d4e2ea75c349da8145d2f661ebddae","appKey":"ajykwpgx.API_Connector.1.0.0.Release","createdDate":"2026-08-04T11:25:16.004Z","correlationId":"478877b82996400cb43a89c8addef890","message":"'shipmentNotes' collection changes :\n  0. 'ShipmentNote/2026-08-04T05:25:15.776442082' added","subject":"shipmentNotes","userId":"12d4e2ea75c349da8145d2f661ebddae"}],"email":"mgowda@kognivera.com","acceptedDate":"2026-08-04T11:25:05.972Z","isExpress":false,"auditInfo":{"updateDate":"2026-08-04T11:25:16Z","createDate":"2026-08-04T11:24:05Z","updateBy":"12d4e2ea75c349da8145d2f661ebddae","createBy":"2CC1D66690B6427698BA2D374AEBC96D"},"readyToCapture":true,"isOptInForSms":false,"shopperNotes":{},"shipmentNotes":[{"noteId":"2026-08-04T05:25:15.776442082","noteText":"Create Shipment API returned status: Best Quotation Error: EnvioClick No Rates Found:Skydropx No Rates Found","username":"12d4e2ea75c349da8145d2f661ebddae","role":"Manager","auditInfo":{"updateDate":"2026-08-04T11:25:15Z","createDate":"2026-08-04T11:25:15Z","updateBy":"12d4e2ea75c349da8145d2f661ebddae","createBy":"12d4e2ea75c349da8145d2f661ebddae"}}],"isAutoAssigned":true,"isHistoricalImport":false,"substitutedItems":[],"orderType":"Online","workflowProcessVersion":"1.2518.0","isFlatRateShipping":true,"slas":[],"shipmentGroup":"group-2201-2026-08-07T00:02:00Z","groupId":"778a347050a2f94f89b76e0595437990","carrier":"FDA Flat Rate","shipmentAttributes":[],"_links":{"self":{"href":"https://t1000490-s1000992.sb.usc1.gcp.kibocommerce.com/api/commerce/shipments/32242"},"shipments":{"href":"https://t1000490-s1000992.sb.usc1.gcp.kibocommerce.com/api/commerce/shipments"},"tasks":{"href":"https://t1000490-s1000992.sb.usc1.gcp.kibocommerce.com/api/commerce/shipments/32242/tasks"},"workflowInstanceImage":{"href":"https://t1000490-s1000992.sb.usc1.gcp.kibocommerce.com/api/commerce/shipments/32242/workflow-instance-image"},"backorder":{"href":"https://t1000490-s1000992.sb.usc1.gcp.kibocommerce.com/api/commerce/shipments/32242/backordered","method":"POST"},"backorderItems":{"href":"https://t1000490-s1000992.sb.usc1.gcp.kibocommerce.com/api/commerce/shipments/32242/backorderedItems","method":"POST"},"reject":{"href":"https://t1000490-s1000992.sb.usc1.gcp.kibocommerce.com/api/commerce/shipments/32242/rejected","method":"PUT"},"rejectItems":{"href":"https://t1000490-s1000992.sb.usc1.gcp.kibocommerce.com/api/commerce/shipments/32242/rejectedItems","method":"PUT"},"cancel":{"href":"https://t1000490-s1000992.sb.usc1.gcp.kibocommerce.com/api/commerce/shipments/32242/canceled","method":"PUT"},"fulfill":{"href":"https://t1000490-s1000992.sb.usc1.gcp.kibocommerce.com/api/commerce/shipments/32242/fulfilled","method":"PUT"},"reassign":{"href":"https://t1000490-s1000992.sb.usc1.gcp.kibocommerce.com/api/commerce/shipments/32242/reassigned","method":"PUT"},"reassignItems":{"href":"https://t1000490-s1000992.sb.usc1.gcp.kibocommerce.com/api/commerce/shipments/32242/reassignedItems","method":"PUT"},"cancelItems":{"href":"https://t1000490-s1000992.sb.usc1.gcp.kibocommerce.com/api/commerce/shipments/32242/canceledItems","method":"PUT"}}}]},"_links":{"self":{"href":"https://t1000490-s1000992.sb.usc1.gcp.kibocommerce.com/api/commerce/shipments?filter=orderId%3D%3D1b7229bd1bab2700014d7bb0000f442a&page=0&pageSize=200"}},"page":{"size":200,"totalElements":1,"totalPages":1,"number":0}}
2026-08-04 16:58:50 INFO  FDA_Automation_Script.FDA_Automation_Script.utils.LoggerUtility - 3PL data not ready — deliveryPartner='', tplShipmentId=''. Waiting 30s...
2026-08-04 16:59:20 INFO  FDA_Automation_Script.FDA_Automation_Script.utils.LoggerUtility - Kibo shipment data poll attempt 9/20
2026-08-04 16:59:20 INFO  FDA_Automation_Script.FDA_Automation_Script.utils.LoggerUtility - ========== Get Shipments by Order ID ==========
2026-08-04 16:59:20 INFO  FDA_Automation_Script.FDA_Automation_Script.utils.LoggerUtility - Calling Kibo Get Shipments API: https://t1000490-s1000992.sb.usc1.gcp.kibocommerce.com/api/commerce/shipments filter=orderId==1b7229bd1bab2700014d7bb0000f442a
2026-08-04 16:59:20 INFO  FDA_Automation_Script.FDA_Automation_Script.utils.LoggerUtility - Get Shipments by OrderId Status : 200
2026-08-04 16:59:20 INFO  FDA_Automation_Script.FDA_Automation_Script.utils.LoggerUtility - Get Shipments by OrderId Body   : {"_embedded":{"shipments":[{"shipmentNumber":32242,"orderId":"1b7229bd1bab2700014d7bb0000f442a","orderNumber":28888,"orderSubmitDate":"2026-08-04T11:24:05.366Z","externalOrderId":"4000273592WEB","customerAccountId":1047,"tenantId":1000490,"siteId":1000992,"shipmentType":"STH","shipmentStatus":"READY","fulfillmentLocationCode":"2201","assignedLocationCode":"2201","workflowProcessId":"FDA_Custom_STH_WF_V1.0","workflowProcessContainerId":"KUPT.kibo-fulfillment-workflows-fda","shipmentAdjustment":0.0,"lineItemSubtotal":400.0,"lineItemTaxAdjustment":0.0,"lineItemTaxTotal":0.0,"lineItemTotal":400.0,"shippingAdjustment":0.0,"shippingSubtotal":0.0,"shippingTaxAdjustment":0.0,"shippingTaxTotal":0.0,"shippingTotal":0.0,"handlingAdjustment":0.0,"handlingSubtotal":0.0,"handlingTaxAdjustment":0.0,"handlingTaxTotal":0.0,"handlingTotal":0.0,"dutyAdjustment":0.0,"dutyTotal":0.0,"total":400.0,"currencyCode":"MXN","destination":{"destinationContact":{"address":{"address1":"Calles Loren","address2":"12","cityOrTown":"Ciudad de México","countryCode":"MX","isValidated":false,"postalOrZipCode":"03610","stateOrProvince":"Ciudad de México"},"email":"mgowda@kognivera.com","firstName":"Mithu","lastNameOrSurname":"Gowda","shortFullName":"Mithu Gowda","fullName":"Mithu Gowda","phoneNumbers":{"mobile":"7022499246"}},"isDestinationCommercial":false},"customer":{"customerContact":{"address":{"address1":"Calles Loren","address2":"12","cityOrTown":"Ciudad de México","countryCode":"MX","isValidated":false,"postalOrZipCode":"03610","stateOrProvince":"Ciudad de México"},"email":"mgowda@kognivera.com","firstName":"Mithu","lastNameOrSurname":"Gowda","shortFullName":"Mithu Gowda","fullName":"Mithu Gowda","phoneNumbers":{"mobile":"7022499246"}}},"shippingMethodCode":"FDA Flat Rate","items":[{"attributes":{"Capacity":0,"Count":0},"lineId":1,"originalOrderItemId":"314073284a6d48198878b49c00bbc7f8","goodsType":"Physical","productCode":"78078094202","quantity":1,"transferQuantity":0,"imageUrl":"https://staging-media.fahorro.com/media/catalog/product/8/1/81a8ed61a45982c4.jpg?optimize=medium&fit=bounds&height=&width=","name":"Diamond Eye Combo Pack Monthly Color Contact Lenses113","upc":"78078094202","allowsBackOrder":false,"unitPrice":400.0,"isTaxable":false,"actualPrice":400.0,"itemDiscount":0.0,"lineItemCost":400.0,"itemTax":0.0,"shipping":0.0,"shippingDiscount":0.0,"shippingTax":0.0,"handling":0.0,"handlingDiscount":0.0,"handlingTax":0.0,"duty":0.0,"weightedShipmentAdjustment":0.0,"weightedLineItemTaxAdjustment":0.0,"weightedShippingAdjustment":0.0,"weightedShippingTaxAdjustment":0.0,"weightedHandlingAdjustment":0.0,"weightedHandlingTaxAdjustment":0.0,"weightedDutyAdjustment":0.0,"weightedOrderHandlingFee":0.0,"weightedOrderHandlingFeeTax":0.0,"weightedOrderHandlingFeeDiscount":0.0,"taxableShipping":0.0,"taxableLineItemCost":400.0,"taxableHandling":0.0,"data":{"edd":"2026-08-07T00:02:00Z","backOrder":"false","deliveryType":"FBO","fulfillmentLocationCode":"2201"},"auditInfo":{"updateDate":"2026-08-04T11:24:06Z","createDate":"2026-08-04T11:24:05Z","updateBy":"2CC1D66690B6427698BA2D374AEBC96D","createBy":"2CC1D66690B6427698BA2D374AEBC96D"},"options":[],"manageStock":true,"creditValue":400.0,"isAssemblyRequired":false,"allowsFutureAllocate":false,"isReservedInventory":false,"originalQuantity":1,"priceMode":"Internal"}],"canceledItems":[],"reassignedItems":[],"rejectedItems":[],"transferredItems":[],"packages":[],"workflowState":{"shipmentState":"ACCEPTED_SHIPMENT","taskList":[{"name":"Accept Shipment","subject":"","inputs":[{"name":"shipmentAccepted","type":"BOOLEAN"}],"active":false,"completed":true,"completedDate":"2026-08-04T11:25:05.746Z","activeDate":"2026-08-04T11:24:05.974Z","completedDurationMillis":59772,"_links":{}},{"taskId":"493890","name":"Validate Items In Stock","subject":"","description":"Validate stock","skippable":true,"inputs":[{"name":"createTransfer","type":"BOOLEAN"},{"name":"stockLevel","type":"STRING"}],"active":true,"completed":false,"activeDate":"2026-08-04T11:25:05.761Z","_links":{"skip":{"href":"https://t1000490-s1000992.sb.usc1.gcp.kibocommerce.com/api/commerce/shipments/32242/tasks/Validate%20Items%20In%20Stock/skipped","method":"PUT"},"execute":{"href":"https://t1000490-s1000992.sb.usc1.gcp.kibocommerce.com/api/commerce/shipments/32242/tasks/Validate%20Items%20In%20Stock/completed","method":"PUT"}}},{"name":"Wait for Transfer","subject":"Wait for Transfer","inputs":[],"active":false,"completed":false,"_links":{}},{"name":"Print Packing Slip","subject":"","inputs":[{"name":"back","type":"BOOLEAN"}],"active":false,"completed":false,"_links":{}},{"name":"Prepare for Shipment","subject":"","inputs":[{"name":"canceled","type":"BOOLEAN"},{"name":"back","type":"BOOLEAN"}],"active":false,"completed":false,"_links":{}},{"name":"Dispatched","subject":"","inputs":[],"active":false,"completed":false,"_links":{}}],"activeTaskName":"Validate Items In Stock","processInstanceId":"317217","auditInfo":{"updateDate":"2026-08-04T11:25:16Z","createDate":"2026-08-04T11:24:05Z","updateBy":"12d4e2ea75c349da8145d2f661ebddae","createBy":"2CC1D66690B6427698BA2D374AEBC96D"},"variables":{"initiator":{"name":"initiator","oldValue":"","value":"wbadmin","updateDate":"2026-08-04T11:24:05Z"},"currentState":{"name":"currentState","oldValue":"PRE_ACCEPT_SHIPMENT","value":"ACCEPTED_SHIPMENT","updateDate":"2026-08-04T11:25:05Z"},"shipmentAccepted":{"name":"shipmentAccepted","oldValue":"","value":"true","updateDate":"2026-08-04T11:25:05Z"}}},"changeMessages":[{"changeMessageId":"6a71cbd686c0165dcc378fcf","appId":"2CC1D66690B6427698BA2D374AEBC96D","appKey":"mozu.CommerceRuntimeOrderQueueService.2628.0.0.Release","createdDate":"2026-08-04T11:24:06.421Z","correlationId":"57ae3489c9d44690a9340c4be8da7c3b","message":"'workflowState.shipmentState' value changed from '' to 'PRE_ACCEPT_SHIPMENT'","oldValue":"null","newValue":"PRE_ACCEPT_SHIPMENT","subject":"shipmentState","userId":"2CC1D66690B6427698BA2D374AEBC96D"},{"changeMessageId":"6a71cbd686c0165dcc378fd0","appId":"2CC1D66690B6427698BA2D374AEBC96D","appKey":"mozu.CommerceRuntimeOrderQueueService.2628.0.0.Release","createdDate":"2026-08-04T11:24:06.421Z","correlationId":"57ae3489c9d44690a9340c4be8da7c3b","message":"'workflowState.activeTaskName' value changed from '' to 'Accept Shipment'","oldValue":"null","newValue":"Accept Shipment","subject":"activeTaskName","userId":"2CC1D66690B6427698BA2D374AEBC96D"},{"changeMessageId":"6a71cbd686c0165dcc378fd1","appId":"2CC1D66690B6427698BA2D374AEBC96D","appKey":"mozu.CommerceRuntimeOrderQueueService.2628.0.0.Release","createdDate":"2026-08-04T11:24:06.421Z","correlationId":"57ae3489c9d44690a9340c4be8da7c3b","message":"'shipmentStatus' value changed from '' to 'READY'","oldValue":"null","newValue":"READY","subject":"shipmentStatus","userId":"2CC1D66690B6427698BA2D374AEBC96D"},{"changeMessageId":"6a71cbd686c0165dcc378fd2","appId":"2CC1D66690B6427698BA2D374AEBC96D","appKey":"mozu.CommerceRuntimeOrderQueueService.2628.0.0.Release","createdDate":"2026-08-04T11:24:06.421Z","correlationId":"57ae3489c9d44690a9340c4be8da7c3b","message":"Shipment [32242] created","userId":"2CC1D66690B6427698BA2D374AEBC96D"},{"changeMessageId":"6a71cc11db3997534d805487","appId":"12d4e2ea75c349da8145d2f661ebddae","appKey":"ajykwpgx.API_Connector.1.0.0.Release","createdDate":"2026-08-04T11:25:05.963Z","correlationId":"001299e5b6d24971858ffc1a71040567","message":"'workflowState/variables/currentState.oldValue' value changed from '' to 'PRE_ACCEPT_SHIPMENT'","oldValue":"","newValue":"PRE_ACCEPT_SHIPMENT","subject":"oldValue","userId":"12d4e2ea75c349da8145d2f661ebddae"},{"changeMessageId":"6a71cc11db3997534d805488","appId":"12d4e2ea75c349da8145d2f661ebddae","appKey":"ajykwpgx.API_Connector.1.0.0.Release","createdDate":"2026-08-04T11:25:05.964Z","correlationId":"001299e5b6d24971858ffc1a71040567","message":"'workflowState/variables/currentState.value' value changed from 'PRE_ACCEPT_SHIPMENT' to 'ACCEPTED_SHIPMENT'","oldValue":"PRE_ACCEPT_SHIPMENT","newValue":"ACCEPTED_SHIPMENT","subject":"value","userId":"12d4e2ea75c349da8145d2f661ebddae"},{"changeMessageId":"6a71cc11db3997534d805489","appId":"12d4e2ea75c349da8145d2f661ebddae","appKey":"ajykwpgx.API_Connector.1.0.0.Release","createdDate":"2026-08-04T11:25:05.964Z","correlationId":"001299e5b6d24971858ffc1a71040567","message":"'workflowState/variables/currentState.updateDate' value changed from 'Tue Aug 04 11:24:05 UTC 2026' to 'Tue Aug 04 11:25:05 UTC 2026'","oldValue":"Tue Aug 04 11:24:05 UTC 2026","newValue":"Tue Aug 04 11:25:05 UTC 2026","subject":"updateDate","userId":"12d4e2ea75c349da8145d2f661ebddae"},{"changeMessageId":"6a71cc11db3997534d80548a","appId":"12d4e2ea75c349da8145d2f661ebddae","appKey":"ajykwpgx.API_Connector.1.0.0.Release","createdDate":"2026-08-04T11:25:05.964Z","correlationId":"001299e5b6d24971858ffc1a71040567","message":"'versionHash' value changed from '32452838' to '-419896078'","oldValue":"32452838","newValue":"-419896078","subject":"versionHash","userId":"12d4e2ea75c349da8145d2f661ebddae"},{"changeMessageId":"6a71cc11db3997534d80548b","appId":"12d4e2ea75c349da8145d2f661ebddae","appKey":"ajykwpgx.API_Connector.1.0.0.Release","createdDate":"2026-08-04T11:25:05.964Z","correlationId":"001299e5b6d24971858ffc1a71040567","message":"'lastModifiedDate' value changed from '2026-08-04T11:24:06.423Z' to '2026-08-04T11:25:05.957663Z'","oldValue":"2026-08-04T11:24:06.423Z","newValue":"2026-08-04T11:25:05.957663Z","subject":"lastModifiedDate","userId":"12d4e2ea75c349da8145d2f661ebddae"},{"changeMessageId":"6a71cc11db3997534d80548c","appId":"12d4e2ea75c349da8145d2f661ebddae","appKey":"ajykwpgx.API_Connector.1.0.0.Release","createdDate":"2026-08-04T11:25:05.964Z","correlationId":"001299e5b6d24971858ffc1a71040567","message":"'readyToCapture' value changed from 'false' to 'true'","oldValue":"false","newValue":"true","subject":"readyToCapture","userId":"12d4e2ea75c349da8145d2f661ebddae"},{"changeMessageId":"6a71cc11db3997534d80548d","appId":"12d4e2ea75c349da8145d2f661ebddae","appKey":"ajykwpgx.API_Connector.1.0.0.Release","createdDate":"2026-08-04T11:25:05.964Z","correlationId":"001299e5b6d24971858ffc1a71040567","message":"'workflowState.shipmentState' value changed from 'PRE_ACCEPT_SHIPMENT' to 'ACCEPTED_SHIPMENT'","oldValue":"PRE_ACCEPT_SHIPMENT","newValue":"ACCEPTED_SHIPMENT","subject":"shipmentState","userId":"12d4e2ea75c349da8145d2f661ebddae"},{"changeMessageId":"6a71cc11db3997534d80548e","appId":"12d4e2ea75c349da8145d2f661ebddae","appKey":"ajykwpgx.API_Connector.1.0.0.Release","createdDate":"2026-08-04T11:25:05.964Z","correlationId":"001299e5b6d24971858ffc1a71040567","message":"'workflowState.activeTaskName' value changed from 'Accept Shipment' to 'Validate Items In Stock'","oldValue":"Accept Shipment","newValue":"Validate Items In Stock","subject":"activeTaskName","userId":"12d4e2ea75c349da8145d2f661ebddae"},{"changeMessageId":"6a71cc11db3997534d80548f","appId":"12d4e2ea75c349da8145d2f661ebddae","appKey":"ajykwpgx.API_Connector.1.0.0.Release","createdDate":"2026-08-04T11:25:05.964Z","correlationId":"001299e5b6d24971858ffc1a71040567","message":"'workflowState.variables' map changes :\n  'shipmentAccepted' -> 'Shipment/6a71cbd586c0165dcc378f52#workflowState/variables/shipmentAccepted' added","subject":"variables","userId":"12d4e2ea75c349da8145d2f661ebddae"},{"changeMessageId":"6a71cc11db3997534d80549e","appId":"12d4e2ea75c349da8145d2f661ebddae","appKey":"ajykwpgx.API_Connector.1.0.0.Release","createdDate":"2026-08-04T11:25:05.975Z","correlationId":"001299e5b6d24971858ffc1a71040567","message":"'acceptedDate' value changed from '' to '2026-08-04T11:25:05.972686Z'","oldValue":"null","newValue":"2026-08-04T11:25:05.972686Z","subject":"acceptedDate","userId":"12d4e2ea75c349da8145d2f661ebddae"},{"changeMessageId":"6a71cc11db3997534d80549f","appId":"12d4e2ea75c349da8145d2f661ebddae","appKey":"ajykwpgx.API_Connector.1.0.0.Release","createdDate":"2026-08-04T11:25:05.976Z","correlationId":"001299e5b6d24971858ffc1a71040567","message":"'lastModifiedDate' value changed from '2026-08-04T11:25:05.966Z' to '2026-08-04T11:25:05.966633Z'","oldValue":"2026-08-04T11:25:05.966Z","newValue":"2026-08-04T11:25:05.966633Z","subject":"lastModifiedDate","userId":"12d4e2ea75c349da8145d2f661ebddae"},{"changeMessageId":"6a71cc1cdb3997534d806117","appId":"12d4e2ea75c349da8145d2f661ebddae","appKey":"ajykwpgx.API_Connector.1.0.0.Release","createdDate":"2026-08-04T11:25:16.004Z","correlationId":"478877b82996400cb43a89c8addef890","message":"'shipmentNotes' collection changes :\n  0. 'ShipmentNote/2026-08-04T05:25:15.776442082' added","subject":"shipmentNotes","userId":"12d4e2ea75c349da8145d2f661ebddae"}],"email":"mgowda@kognivera.com","acceptedDate":"2026-08-04T11:25:05.972Z","isExpress":false,"auditInfo":{"updateDate":"2026-08-04T11:25:16Z","createDate":"2026-08-04T11:24:05Z","updateBy":"12d4e2ea75c349da8145d2f661ebddae","createBy":"2CC1D66690B6427698BA2D374AEBC96D"},"readyToCapture":true,"isOptInForSms":false,"shopperNotes":{},"shipmentNotes":[{"noteId":"2026-08-04T05:25:15.776442082","noteText":"Create Shipment API returned status: Best Quotation Error: EnvioClick No Rates Found:Skydropx No Rates Found","username":"12d4e2ea75c349da8145d2f661ebddae","role":"Manager","auditInfo":{"updateDate":"2026-08-04T11:25:15Z","createDate":"2026-08-04T11:25:15Z","updateBy":"12d4e2ea75c349da8145d2f661ebddae","createBy":"12d4e2ea75c349da8145d2f661ebddae"}}],"isAutoAssigned":true,"isHistoricalImport":false,"substitutedItems":[],"orderType":"Online","workflowProcessVersion":"1.2518.0","isFlatRateShipping":true,"slas":[],"shipmentGroup":"group-2201-2026-08-07T00:02:00Z","groupId":"778a347050a2f94f89b76e0595437990","carrier":"FDA Flat Rate","shipmentAttributes":[],"_links":{"self":{"href":"https://t1000490-s1000992.sb.usc1.gcp.kibocommerce.com/api/commerce/shipments/32242"},"shipments":{"href":"https://t1000490-s1000992.sb.usc1.gcp.kibocommerce.com/api/commerce/shipments"},"tasks":{"href":"https://t1000490-s1000992.sb.usc1.gcp.kibocommerce.com/api/commerce/shipments/32242/tasks"},"workflowInstanceImage":{"href":"https://t1000490-s1000992.sb.usc1.gcp.kibocommerce.com/api/commerce/shipments/32242/workflow-instance-image"},"backorder":{"href":"https://t1000490-s1000992.sb.usc1.gcp.kibocommerce.com/api/commerce/shipments/32242/backordered","method":"POST"},"backorderItems":{"href":"https://t1000490-s1000992.sb.usc1.gcp.kibocommerce.com/api/commerce/shipments/32242/backorderedItems","method":"POST"},"reject":{"href":"https://t1000490-s1000992.sb.usc1.gcp.kibocommerce.com/api/commerce/shipments/32242/rejected","method":"PUT"},"rejectItems":{"href":"https://t1000490-s1000992.sb.usc1.gcp.kibocommerce.com/api/commerce/shipments/32242/rejectedItems","method":"PUT"},"cancel":{"href":"https://t1000490-s1000992.sb.usc1.gcp.kibocommerce.com/api/commerce/shipments/32242/canceled","method":"PUT"},"fulfill":{"href":"https://t1000490-s1000992.sb.usc1.gcp.kibocommerce.com/api/commerce/shipments/32242/fulfilled","method":"PUT"},"reassign":{"href":"https://t1000490-s1000992.sb.usc1.gcp.kibocommerce.com/api/commerce/shipments/32242/reassigned","method":"PUT"},"reassignItems":{"href":"https://t1000490-s1000992.sb.usc1.gcp.kibocommerce.com/api/commerce/shipments/32242/reassignedItems","method":"PUT"},"cancelItems":{"href":"https://t1000490-s1000992.sb.usc1.gcp.kibocommerce.com/api/commerce/shipments/32242/canceledItems","method":"PUT"}}}]},"_links":{"self":{"href":"https://t1000490-s1000992.sb.usc1.gcp.kibocommerce.com/api/commerce/shipments?filter=orderId%3D%3D1b7229bd1bab2700014d7bb0000f442a&page=0&pageSize=200"}},"page":{"size":200,"totalElements":1,"totalPages":1,"number":0}}
2026-08-04 16:59:21 INFO  FDA_Automation_Script.FDA_Automation_Script.utils.LoggerUtility - 3PL data not ready — deliveryPartner='', tplShipmentId=''. Waiting 30s...
2026-08-04 16:59:51 INFO  FDA_Automation_Script.FDA_Automation_Script.utils.LoggerUtility - Kibo shipment data poll attempt 10/20
2026-08-04 16:59:51 INFO  FDA_Automation_Script.FDA_Automation_Script.utils.LoggerUtility - ========== Get Shipments by Order ID ==========
2026-08-04 16:59:51 INFO  FDA_Automation_Script.FDA_Automation_Script.utils.LoggerUtility - Calling Kibo Get Shipments API: https://t1000490-s1000992.sb.usc1.gcp.kibocommerce.com/api/commerce/shipments filter=orderId==1b7229bd1bab2700014d7bb0000f442a
2026-08-04 16:59:51 INFO  FDA_Automation_Script.FDA_Automation_Script.utils.LoggerUtility - Get Shipments by OrderId Status : 200
2026-08-04 16:59:51 INFO  FDA_Automation_Script.FDA_Automation_Script.utils.LoggerUtility - Get Shipments by OrderId Body   : {"_embedded":{"shipments":[{"shipmentNumber":32242,"orderId":"1b7229bd1bab2700014d7bb0000f442a","orderNumber":28888,"orderSubmitDate":"2026-08-04T11:24:05.366Z","externalOrderId":"4000273592WEB","customerAccountId":1047,"tenantId":1000490,"siteId":1000992,"shipmentType":"STH","shipmentStatus":"READY","fulfillmentLocationCode":"2201","assignedLocationCode":"2201","workflowProcessId":"FDA_Custom_STH_WF_V1.0","workflowProcessContainerId":"KUPT.kibo-fulfillment-workflows-fda","shipmentAdjustment":0.0,"lineItemSubtotal":400.0,"lineItemTaxAdjustment":0.0,"lineItemTaxTotal":0.0,"lineItemTotal":400.0,"shippingAdjustment":0.0,"shippingSubtotal":0.0,"shippingTaxAdjustment":0.0,"shippingTaxTotal":0.0,"shippingTotal":0.0,"handlingAdjustment":0.0,"handlingSubtotal":0.0,"handlingTaxAdjustment":0.0,"handlingTaxTotal":0.0,"handlingTotal":0.0,"dutyAdjustment":0.0,"dutyTotal":0.0,"total":400.0,"currencyCode":"MXN","destination":{"destinationContact":{"address":{"address1":"Calles Loren","address2":"12","cityOrTown":"Ciudad de México","countryCode":"MX","isValidated":false,"postalOrZipCode":"03610","stateOrProvince":"Ciudad de México"},"email":"mgowda@kognivera.com","firstName":"Mithu","lastNameOrSurname":"Gowda","shortFullName":"Mithu Gowda","fullName":"Mithu Gowda","phoneNumbers":{"mobile":"7022499246"}},"isDestinationCommercial":false},"customer":{"customerContact":{"address":{"address1":"Calles Loren","address2":"12","cityOrTown":"Ciudad de México","countryCode":"MX","isValidated":false,"postalOrZipCode":"03610","stateOrProvince":"Ciudad de México"},"email":"mgowda@kognivera.com","firstName":"Mithu","lastNameOrSurname":"Gowda","shortFullName":"Mithu Gowda","fullName":"Mithu Gowda","phoneNumbers":{"mobile":"7022499246"}}},"shippingMethodCode":"FDA Flat Rate","items":[{"attributes":{"Capacity":0,"Count":0},"lineId":1,"originalOrderItemId":"314073284a6d48198878b49c00bbc7f8","goodsType":"Physical","productCode":"78078094202","quantity":1,"transferQuantity":0,"imageUrl":"https://staging-media.fahorro.com/media/catalog/product/8/1/81a8ed61a45982c4.jpg?optimize=medium&fit=bounds&height=&width=","name":"Diamond Eye Combo Pack Monthly Color Contact Lenses113","upc":"78078094202","allowsBackOrder":false,"unitPrice":400.0,"isTaxable":false,"actualPrice":400.0,"itemDiscount":0.0,"lineItemCost":400.0,"itemTax":0.0,"shipping":0.0,"shippingDiscount":0.0,"shippingTax":0.0,"handling":0.0,"handlingDiscount":0.0,"handlingTax":0.0,"duty":0.0,"weightedShipmentAdjustment":0.0,"weightedLineItemTaxAdjustment":0.0,"weightedShippingAdjustment":0.0,"weightedShippingTaxAdjustment":0.0,"weightedHandlingAdjustment":0.0,"weightedHandlingTaxAdjustment":0.0,"weightedDutyAdjustment":0.0,"weightedOrderHandlingFee":0.0,"weightedOrderHandlingFeeTax":0.0,"weightedOrderHandlingFeeDiscount":0.0,"taxableShipping":0.0,"taxableLineItemCost":400.0,"taxableHandling":0.0,"data":{"edd":"2026-08-07T00:02:00Z","backOrder":"false","deliveryType":"FBO","fulfillmentLocationCode":"2201"},"auditInfo":{"updateDate":"2026-08-04T11:24:06Z","createDate":"2026-08-04T11:24:05Z","updateBy":"2CC1D66690B6427698BA2D374AEBC96D","createBy":"2CC1D66690B6427698BA2D374AEBC96D"},"options":[],"manageStock":true,"creditValue":400.0,"isAssemblyRequired":false,"allowsFutureAllocate":false,"isReservedInventory":false,"originalQuantity":1,"priceMode":"Internal"}],"canceledItems":[],"reassignedItems":[],"rejectedItems":[],"transferredItems":[],"packages":[],"workflowState":{"shipmentState":"ACCEPTED_SHIPMENT","taskList":[{"name":"Accept Shipment","subject":"","inputs":[{"name":"shipmentAccepted","type":"BOOLEAN"}],"active":false,"completed":true,"completedDate":"2026-08-04T11:25:05.746Z","activeDate":"2026-08-04T11:24:05.974Z","completedDurationMillis":59772,"_links":{}},{"taskId":"493890","name":"Validate Items In Stock","subject":"","description":"Validate stock","skippable":true,"inputs":[{"name":"createTransfer","type":"BOOLEAN"},{"name":"stockLevel","type":"STRING"}],"active":true,"completed":false,"activeDate":"2026-08-04T11:25:05.761Z","_links":{"skip":{"href":"https://t1000490-s1000992.sb.usc1.gcp.kibocommerce.com/api/commerce/shipments/32242/tasks/Validate%20Items%20In%20Stock/skipped","method":"PUT"},"execute":{"href":"https://t1000490-s1000992.sb.usc1.gcp.kibocommerce.com/api/commerce/shipments/32242/tasks/Validate%20Items%20In%20Stock/completed","method":"PUT"}}},{"name":"Wait for Transfer","subject":"Wait for Transfer","inputs":[],"active":false,"completed":false,"_links":{}},{"name":"Print Packing Slip","subject":"","inputs":[{"name":"back","type":"BOOLEAN"}],"active":false,"completed":false,"_links":{}},{"name":"Prepare for Shipment","subject":"","inputs":[{"name":"canceled","type":"BOOLEAN"},{"name":"back","type":"BOOLEAN"}],"active":false,"completed":false,"_links":{}},{"name":"Dispatched","subject":"","inputs":[],"active":false,"completed":false,"_links":{}}],"activeTaskName":"Validate Items In Stock","processInstanceId":"317217","auditInfo":{"updateDate":"2026-08-04T11:25:16Z","createDate":"2026-08-04T11:24:05Z","updateBy":"12d4e2ea75c349da8145d2f661ebddae","createBy":"2CC1D66690B6427698BA2D374AEBC96D"},"variables":{"initiator":{"name":"initiator","oldValue":"","value":"wbadmin","updateDate":"2026-08-04T11:24:05Z"},"currentState":{"name":"currentState","oldValue":"PRE_ACCEPT_SHIPMENT","value":"ACCEPTED_SHIPMENT","updateDate":"2026-08-04T11:25:05Z"},"shipmentAccepted":{"name":"shipmentAccepted","oldValue":"","value":"true","updateDate":"2026-08-04T11:25:05Z"}}},"changeMessages":[{"changeMessageId":"6a71cbd686c0165dcc378fcf","appId":"2CC1D66690B6427698BA2D374AEBC96D","appKey":"mozu.CommerceRuntimeOrderQueueService.2628.0.0.Release","createdDate":"2026-08-04T11:24:06.421Z","correlationId":"57ae3489c9d44690a9340c4be8da7c3b","message":"'workflowState.shipmentState' value changed from '' to 'PRE_ACCEPT_SHIPMENT'","oldValue":"null","newValue":"PRE_ACCEPT_SHIPMENT","subject":"shipmentState","userId":"2CC1D66690B6427698BA2D374AEBC96D"},{"changeMessageId":"6a71cbd686c0165dcc378fd0","appId":"2CC1D66690B6427698BA2D374AEBC96D","appKey":"mozu.CommerceRuntimeOrderQueueService.2628.0.0.Release","createdDate":"2026-08-04T11:24:06.421Z","correlationId":"57ae3489c9d44690a9340c4be8da7c3b","message":"'workflowState.activeTaskName' value changed from '' to 'Accept Shipment'","oldValue":"null","newValue":"Accept Shipment","subject":"activeTaskName","userId":"2CC1D66690B6427698BA2D374AEBC96D"},{"changeMessageId":"6a71cbd686c0165dcc378fd1","appId":"2CC1D66690B6427698BA2D374AEBC96D","appKey":"mozu.CommerceRuntimeOrderQueueService.2628.0.0.Release","createdDate":"2026-08-04T11:24:06.421Z","correlationId":"57ae3489c9d44690a9340c4be8da7c3b","message":"'shipmentStatus' value changed from '' to 'READY'","oldValue":"null","newValue":"READY","subject":"shipmentStatus","userId":"2CC1D66690B6427698BA2D374AEBC96D"},{"changeMessageId":"6a71cbd686c0165dcc378fd2","appId":"2CC1D66690B6427698BA2D374AEBC96D","appKey":"mozu.CommerceRuntimeOrderQueueService.2628.0.0.Release","createdDate":"2026-08-04T11:24:06.421Z","correlationId":"57ae3489c9d44690a9340c4be8da7c3b","message":"Shipment [32242] created","userId":"2CC1D66690B6427698BA2D374AEBC96D"},{"changeMessageId":"6a71cc11db3997534d805487","appId":"12d4e2ea75c349da8145d2f661ebddae","appKey":"ajykwpgx.API_Connector.1.0.0.Release","createdDate":"2026-08-04T11:25:05.963Z","correlationId":"001299e5b6d24971858ffc1a71040567","message":"'workflowState/variables/currentState.oldValue' value changed from '' to 'PRE_ACCEPT_SHIPMENT'","oldValue":"","newValue":"PRE_ACCEPT_SHIPMENT","subject":"oldValue","userId":"12d4e2ea75c349da8145d2f661ebddae"},{"changeMessageId":"6a71cc11db3997534d805488","appId":"12d4e2ea75c349da8145d2f661ebddae","appKey":"ajykwpgx.API_Connector.1.0.0.Release","createdDate":"2026-08-04T11:25:05.964Z","correlationId":"001299e5b6d24971858ffc1a71040567","message":"'workflowState/variables/currentState.value' value changed from 'PRE_ACCEPT_SHIPMENT' to 'ACCEPTED_SHIPMENT'","oldValue":"PRE_ACCEPT_SHIPMENT","newValue":"ACCEPTED_SHIPMENT","subject":"value","userId":"12d4e2ea75c349da8145d2f661ebddae"},{"changeMessageId":"6a71cc11db3997534d805489","appId":"12d4e2ea75c349da8145d2f661ebddae","appKey":"ajykwpgx.API_Connector.1.0.0.Release","createdDate":"2026-08-04T11:25:05.964Z","correlationId":"001299e5b6d24971858ffc1a71040567","message":"'workflowState/variables/currentState.updateDate' value changed from 'Tue Aug 04 11:24:05 UTC 2026' to 'Tue Aug 04 11:25:05 UTC 2026'","oldValue":"Tue Aug 04 11:24:05 UTC 2026","newValue":"Tue Aug 04 11:25:05 UTC 2026","subject":"updateDate","userId":"12d4e2ea75c349da8145d2f661ebddae"},{"changeMessageId":"6a71cc11db3997534d80548a","appId":"12d4e2ea75c349da8145d2f661ebddae","appKey":"ajykwpgx.API_Connector.1.0.0.Release","createdDate":"2026-08-04T11:25:05.964Z","correlationId":"001299e5b6d24971858ffc1a71040567","message":"'versionHash' value changed from '32452838' to '-419896078'","oldValue":"32452838","newValue":"-419896078","subject":"versionHash","userId":"12d4e2ea75c349da8145d2f661ebddae"},{"changeMessageId":"6a71cc11db3997534d80548b","appId":"12d4e2ea75c349da8145d2f661ebddae","appKey":"ajykwpgx.API_Connector.1.0.0.Release","createdDate":"2026-08-04T11:25:05.964Z","correlationId":"001299e5b6d24971858ffc1a71040567","message":"'lastModifiedDate' value changed from '2026-08-04T11:24:06.423Z' to '2026-08-04T11:25:05.957663Z'","oldValue":"2026-08-04T11:24:06.423Z","newValue":"2026-08-04T11:25:05.957663Z","subject":"lastModifiedDate","userId":"12d4e2ea75c349da8145d2f661ebddae"},{"changeMessageId":"6a71cc11db3997534d80548c","appId":"12d4e2ea75c349da8145d2f661ebddae","appKey":"ajykwpgx.API_Connector.1.0.0.Release","createdDate":"2026-08-04T11:25:05.964Z","correlationId":"001299e5b6d24971858ffc1a71040567","message":"'readyToCapture' value changed from 'false' to 'true'","oldValue":"false","newValue":"true","subject":"readyToCapture","userId":"12d4e2ea75c349da8145d2f661ebddae"},{"changeMessageId":"6a71cc11db3997534d80548d","appId":"12d4e2ea75c349da8145d2f661ebddae","appKey":"ajykwpgx.API_Connector.1.0.0.Release","createdDate":"2026-08-04T11:25:05.964Z","correlationId":"001299e5b6d24971858ffc1a71040567","message":"'workflowState.shipmentState' value changed from 'PRE_ACCEPT_SHIPMENT' to 'ACCEPTED_SHIPMENT'","oldValue":"PRE_ACCEPT_SHIPMENT","newValue":"ACCEPTED_SHIPMENT","subject":"shipmentState","userId":"12d4e2ea75c349da8145d2f661ebddae"},{"changeMessageId":"6a71cc11db3997534d80548e","appId":"12d4e2ea75c349da8145d2f661ebddae","appKey":"ajykwpgx.API_Connector.1.0.0.Release","createdDate":"2026-08-04T11:25:05.964Z","correlationId":"001299e5b6d24971858ffc1a71040567","message":"'workflowState.activeTaskName' value changed from 'Accept Shipment' to 'Validate Items In Stock'","oldValue":"Accept Shipment","newValue":"Validate Items In Stock","subject":"activeTaskName","userId":"12d4e2ea75c349da8145d2f661ebddae"},{"changeMessageId":"6a71cc11db3997534d80548f","appId":"12d4e2ea75c349da8145d2f661ebddae","appKey":"ajykwpgx.API_Connector.1.0.0.Release","createdDate":"2026-08-04T11:25:05.964Z","correlationId":"001299e5b6d24971858ffc1a71040567","message":"'workflowState.variables' map changes :\n  'shipmentAccepted' -> 'Shipment/6a71cbd586c0165dcc378f52#workflowState/variables/shipmentAccepted' added","subject":"variables","userId":"12d4e2ea75c349da8145d2f661ebddae"},{"changeMessageId":"6a71cc11db3997534d80549e","appId":"12d4e2ea75c349da8145d2f661ebddae","appKey":"ajykwpgx.API_Connector.1.0.0.Release","createdDate":"2026-08-04T11:25:05.975Z","correlationId":"001299e5b6d24971858ffc1a71040567","message":"'acceptedDate' value changed from '' to '2026-08-04T11:25:05.972686Z'","oldValue":"null","newValue":"2026-08-04T11:25:05.972686Z","subject":"acceptedDate","userId":"12d4e2ea75c349da8145d2f661ebddae"},{"changeMessageId":"6a71cc11db3997534d80549f","appId":"12d4e2ea75c349da8145d2f661ebddae","appKey":"ajykwpgx.API_Connector.1.0.0.Release","createdDate":"2026-08-04T11:25:05.976Z","correlationId":"001299e5b6d24971858ffc1a71040567","message":"'lastModifiedDate' value changed from '2026-08-04T11:25:05.966Z' to '2026-08-04T11:25:05.966633Z'","oldValue":"2026-08-04T11:25:05.966Z","newValue":"2026-08-04T11:25:05.966633Z","subject":"lastModifiedDate","userId":"12d4e2ea75c349da8145d2f661ebddae"},{"changeMessageId":"6a71cc1cdb3997534d806117","appId":"12d4e2ea75c349da8145d2f661ebddae","appKey":"ajykwpgx.API_Connector.1.0.0.Release","createdDate":"2026-08-04T11:25:16.004Z","correlationId":"478877b82996400cb43a89c8addef890","message":"'shipmentNotes' collection changes :\n  0. 'ShipmentNote/2026-08-04T05:25:15.776442082' added","subject":"shipmentNotes","userId":"12d4e2ea75c349da8145d2f661ebddae"}],"email":"mgowda@kognivera.com","acceptedDate":"2026-08-04T11:25:05.972Z","isExpress":false,"auditInfo":{"updateDate":"2026-08-04T11:25:16Z","createDate":"2026-08-04T11:24:05Z","updateBy":"12d4e2ea75c349da8145d2f661ebddae","createBy":"2CC1D66690B6427698BA2D374AEBC96D"},"readyToCapture":true,"isOptInForSms":false,"shopperNotes":{},"shipmentNotes":[{"noteId":"2026-08-04T05:25:15.776442082","noteText":"Create Shipment API returned status: Best Quotation Error: EnvioClick No Rates Found:Skydropx No Rates Found","username":"12d4e2ea75c349da8145d2f661ebddae","role":"Manager","auditInfo":{"updateDate":"2026-08-04T11:25:15Z","createDate":"2026-08-04T11:25:15Z","updateBy":"12d4e2ea75c349da8145d2f661ebddae","createBy":"12d4e2ea75c349da8145d2f661ebddae"}}],"isAutoAssigned":true,"isHistoricalImport":false,"substitutedItems":[],"orderType":"Online","workflowProcessVersion":"1.2518.0","isFlatRateShipping":true,"slas":[],"shipmentGroup":"group-2201-2026-08-07T00:02:00Z","groupId":"778a347050a2f94f89b76e0595437990","carrier":"FDA Flat Rate","shipmentAttributes":[],"_links":{"self":{"href":"https://t1000490-s1000992.sb.usc1.gcp.kibocommerce.com/api/commerce/shipments/32242"},"shipments":{"href":"https://t1000490-s1000992.sb.usc1.gcp.kibocommerce.com/api/commerce/shipments"},"tasks":{"href":"https://t1000490-s1000992.sb.usc1.gcp.kibocommerce.com/api/commerce/shipments/32242/tasks"},"workflowInstanceImage":{"href":"https://t1000490-s1000992.sb.usc1.gcp.kibocommerce.com/api/commerce/shipments/32242/workflow-instance-image"},"backorder":{"href":"https://t1000490-s1000992.sb.usc1.gcp.kibocommerce.com/api/commerce/shipments/32242/backordered","method":"POST"},"backorderItems":{"href":"https://t1000490-s1000992.sb.usc1.gcp.kibocommerce.com/api/commerce/shipments/32242/backorderedItems","method":"POST"},"reject":{"href":"https://t1000490-s1000992.sb.usc1.gcp.kibocommerce.com/api/commerce/shipments/32242/rejected","method":"PUT"},"rejectItems":{"href":"https://t1000490-s1000992.sb.usc1.gcp.kibocommerce.com/api/commerce/shipments/32242/rejectedItems","method":"PUT"},"cancel":{"href":"https://t1000490-s1000992.sb.usc1.gcp.kibocommerce.com/api/commerce/shipments/32242/canceled","method":"PUT"},"fulfill":{"href":"https://t1000490-s1000992.sb.usc1.gcp.kibocommerce.com/api/commerce/shipments/32242/fulfilled","method":"PUT"},"reassign":{"href":"https://t1000490-s1000992.sb.usc1.gcp.kibocommerce.com/api/commerce/shipments/32242/reassigned","method":"PUT"},"reassignItems":{"href":"https://t1000490-s1000992.sb.usc1.gcp.kibocommerce.com/api/commerce/shipments/32242/reassignedItems","method":"PUT"},"cancelItems":{"href":"https://t1000490-s1000992.sb.usc1.gcp.kibocommerce.com/api/commerce/shipments/32242/canceledItems","method":"PUT"}}}]},"_links":{"self":{"href":"https://t1000490-s1000992.sb.usc1.gcp.kibocommerce.com/api/commerce/shipments?filter=orderId%3D%3D1b7229bd1bab2700014d7bb0000f442a&page=0&pageSize=200"}},"page":{"size":200,"totalElements":1,"totalPages":1,"number":0}}
2026-08-04 16:59:51 INFO  FDA_Automation_Script.FDA_Automation_Script.utils.LoggerUtility - 3PL data not ready — deliveryPartner='', tplShipmentId=''. Waiting 30s...
2026-08-04 17:00:21 INFO  FDA_Automation_Script.FDA_Automation_Script.utils.LoggerUtility - Kibo shipment data poll attempt 11/20
2026-08-04 17:00:21 INFO  FDA_Automation_Script.FDA_Automation_Script.utils.LoggerUtility - ========== Get Shipments by Order ID ==========
2026-08-04 17:00:21 INFO  FDA_Automation_Script.FDA_Automation_Script.utils.LoggerUtility - Calling Kibo Get Shipments API: https://t1000490-s1000992.sb.usc1.gcp.kibocommerce.com/api/commerce/shipments filter=orderId==1b7229bd1bab2700014d7bb0000f442a
2026-08-04 17:00:21 INFO  FDA_Automation_Script.FDA_Automation_Script.utils.LoggerUtility - Get Shipments by OrderId Status : 200
2026-08-04 17:00:21 INFO  FDA_Automation_Script.FDA_Automation_Script.utils.LoggerUtility - Get Shipments by OrderId Body   : {"_embedded":{"shipments":[{"shipmentNumber":32242,"orderId":"1b7229bd1bab2700014d7bb0000f442a","orderNumber":28888,"orderSubmitDate":"2026-08-04T11:24:05.366Z","externalOrderId":"4000273592WEB","customerAccountId":1047,"tenantId":1000490,"siteId":1000992,"shipmentType":"STH","shipmentStatus":"READY","fulfillmentLocationCode":"2201","assignedLocationCode":"2201","workflowProcessId":"FDA_Custom_STH_WF_V1.0","workflowProcessContainerId":"KUPT.kibo-fulfillment-workflows-fda","shipmentAdjustment":0.0,"lineItemSubtotal":400.0,"lineItemTaxAdjustment":0.0,"lineItemTaxTotal":0.0,"lineItemTotal":400.0,"shippingAdjustment":0.0,"shippingSubtotal":0.0,"shippingTaxAdjustment":0.0,"shippingTaxTotal":0.0,"shippingTotal":0.0,"handlingAdjustment":0.0,"handlingSubtotal":0.0,"handlingTaxAdjustment":0.0,"handlingTaxTotal":0.0,"handlingTotal":0.0,"dutyAdjustment":0.0,"dutyTotal":0.0,"total":400.0,"currencyCode":"MXN","destination":{"destinationContact":{"address":{"address1":"Calles Loren","address2":"12","cityOrTown":"Ciudad de México","countryCode":"MX","isValidated":false,"postalOrZipCode":"03610","stateOrProvince":"Ciudad de México"},"email":"mgowda@kognivera.com","firstName":"Mithu","lastNameOrSurname":"Gowda","shortFullName":"Mithu Gowda","fullName":"Mithu Gowda","phoneNumbers":{"mobile":"7022499246"}},"isDestinationCommercial":false},"customer":{"customerContact":{"address":{"address1":"Calles Loren","address2":"12","cityOrTown":"Ciudad de México","countryCode":"MX","isValidated":false,"postalOrZipCode":"03610","stateOrProvince":"Ciudad de México"},"email":"mgowda@kognivera.com","firstName":"Mithu","lastNameOrSurname":"Gowda","shortFullName":"Mithu Gowda","fullName":"Mithu Gowda","phoneNumbers":{"mobile":"7022499246"}}},"shippingMethodCode":"FDA Flat Rate","items":[{"attributes":{"Capacity":0,"Count":0},"lineId":1,"originalOrderItemId":"314073284a6d48198878b49c00bbc7f8","goodsType":"Physical","productCode":"78078094202","quantity":1,"transferQuantity":0,"imageUrl":"https://staging-media.fahorro.com/media/catalog/product/8/1/81a8ed61a45982c4.jpg?optimize=medium&fit=bounds&height=&width=","name":"Diamond Eye Combo Pack Monthly Color Contact Lenses113","upc":"78078094202","allowsBackOrder":false,"unitPrice":400.0,"isTaxable":false,"actualPrice":400.0,"itemDiscount":0.0,"lineItemCost":400.0,"itemTax":0.0,"shipping":0.0,"shippingDiscount":0.0,"shippingTax":0.0,"handling":0.0,"handlingDiscount":0.0,"handlingTax":0.0,"duty":0.0,"weightedShipmentAdjustment":0.0,"weightedLineItemTaxAdjustment":0.0,"weightedShippingAdjustment":0.0,"weightedShippingTaxAdjustment":0.0,"weightedHandlingAdjustment":0.0,"weightedHandlingTaxAdjustment":0.0,"weightedDutyAdjustment":0.0,"weightedOrderHandlingFee":0.0,"weightedOrderHandlingFeeTax":0.0,"weightedOrderHandlingFeeDiscount":0.0,"taxableShipping":0.0,"taxableLineItemCost":400.0,"taxableHandling":0.0,"data":{"edd":"2026-08-07T00:02:00Z","backOrder":"false","deliveryType":"FBO","fulfillmentLocationCode":"2201"},"auditInfo":{"updateDate":"2026-08-04T11:24:06Z","createDate":"2026-08-04T11:24:05Z","updateBy":"2CC1D66690B6427698BA2D374AEBC96D","createBy":"2CC1D66690B6427698BA2D374AEBC96D"},"options":[],"manageStock":true,"creditValue":400.0,"isAssemblyRequired":false,"allowsFutureAllocate":false,"isReservedInventory":false,"originalQuantity":1,"priceMode":"Internal"}],"canceledItems":[],"reassignedItems":[],"rejectedItems":[],"transferredItems":[],"packages":[],"workflowState":{"shipmentState":"ACCEPTED_SHIPMENT","taskList":[{"name":"Accept Shipment","subject":"","inputs":[{"name":"shipmentAccepted","type":"BOOLEAN"}],"active":false,"completed":true,"completedDate":"2026-08-04T11:25:05.746Z","activeDate":"2026-08-04T11:24:05.974Z","completedDurationMillis":59772,"_links":{}},{"taskId":"493890","name":"Validate Items In Stock","subject":"","description":"Validate stock","skippable":true,"inputs":[{"name":"createTransfer","type":"BOOLEAN"},{"name":"stockLevel","type":"STRING"}],"active":true,"completed":false,"activeDate":"2026-08-04T11:25:05.761Z","_links":{"skip":{"href":"https://t1000490-s1000992.sb.usc1.gcp.kibocommerce.com/api/commerce/shipments/32242/tasks/Validate%20Items%20In%20Stock/skipped","method":"PUT"},"execute":{"href":"https://t1000490-s1000992.sb.usc1.gcp.kibocommerce.com/api/commerce/shipments/32242/tasks/Validate%20Items%20In%20Stock/completed","method":"PUT"}}},{"name":"Wait for Transfer","subject":"Wait for Transfer","inputs":[],"active":false,"completed":false,"_links":{}},{"name":"Print Packing Slip","subject":"","inputs":[{"name":"back","type":"BOOLEAN"}],"active":false,"completed":false,"_links":{}},{"name":"Prepare for Shipment","subject":"","inputs":[{"name":"canceled","type":"BOOLEAN"},{"name":"back","type":"BOOLEAN"}],"active":false,"completed":false,"_links":{}},{"name":"Dispatched","subject":"","inputs":[],"active":false,"completed":false,"_links":{}}],"activeTaskName":"Validate Items In Stock","processInstanceId":"317217","auditInfo":{"updateDate":"2026-08-04T11:25:16Z","createDate":"2026-08-04T11:24:05Z","updateBy":"12d4e2ea75c349da8145d2f661ebddae","createBy":"2CC1D66690B6427698BA2D374AEBC96D"},"variables":{"initiator":{"name":"initiator","oldValue":"","value":"wbadmin","updateDate":"2026-08-04T11:24:05Z"},"currentState":{"name":"currentState","oldValue":"PRE_ACCEPT_SHIPMENT","value":"ACCEPTED_SHIPMENT","updateDate":"2026-08-04T11:25:05Z"},"shipmentAccepted":{"name":"shipmentAccepted","oldValue":"","value":"true","updateDate":"2026-08-04T11:25:05Z"}}},"changeMessages":[{"changeMessageId":"6a71cbd686c0165dcc378fcf","appId":"2CC1D66690B6427698BA2D374AEBC96D","appKey":"mozu.CommerceRuntimeOrderQueueService.2628.0.0.Release","createdDate":"2026-08-04T11:24:06.421Z","correlationId":"57ae3489c9d44690a9340c4be8da7c3b","message":"'workflowState.shipmentState' value changed from '' to 'PRE_ACCEPT_SHIPMENT'","oldValue":"null","newValue":"PRE_ACCEPT_SHIPMENT","subject":"shipmentState","userId":"2CC1D66690B6427698BA2D374AEBC96D"},{"changeMessageId":"6a71cbd686c0165dcc378fd0","appId":"2CC1D66690B6427698BA2D374AEBC96D","appKey":"mozu.CommerceRuntimeOrderQueueService.2628.0.0.Release","createdDate":"2026-08-04T11:24:06.421Z","correlationId":"57ae3489c9d44690a9340c4be8da7c3b","message":"'workflowState.activeTaskName' value changed from '' to 'Accept Shipment'","oldValue":"null","newValue":"Accept Shipment","subject":"activeTaskName","userId":"2CC1D66690B6427698BA2D374AEBC96D"},{"changeMessageId":"6a71cbd686c0165dcc378fd1","appId":"2CC1D66690B6427698BA2D374AEBC96D","appKey":"mozu.CommerceRuntimeOrderQueueService.2628.0.0.Release","createdDate":"2026-08-04T11:24:06.421Z","correlationId":"57ae3489c9d44690a9340c4be8da7c3b","message":"'shipmentStatus' value changed from '' to 'READY'","oldValue":"null","newValue":"READY","subject":"shipmentStatus","userId":"2CC1D66690B6427698BA2D374AEBC96D"},{"changeMessageId":"6a71cbd686c0165dcc378fd2","appId":"2CC1D66690B6427698BA2D374AEBC96D","appKey":"mozu.CommerceRuntimeOrderQueueService.2628.0.0.Release","createdDate":"2026-08-04T11:24:06.421Z","correlationId":"57ae3489c9d44690a9340c4be8da7c3b","message":"Shipment [32242] created","userId":"2CC1D66690B6427698BA2D374AEBC96D"},{"changeMessageId":"6a71cc11db3997534d805487","appId":"12d4e2ea75c349da8145d2f661ebddae","appKey":"ajykwpgx.API_Connector.1.0.0.Release","createdDate":"2026-08-04T11:25:05.963Z","correlationId":"001299e5b6d24971858ffc1a71040567","message":"'workflowState/variables/currentState.oldValue' value changed from '' to 'PRE_ACCEPT_SHIPMENT'","oldValue":"","newValue":"PRE_ACCEPT_SHIPMENT","subject":"oldValue","userId":"12d4e2ea75c349da8145d2f661ebddae"},{"changeMessageId":"6a71cc11db3997534d805488","appId":"12d4e2ea75c349da8145d2f661ebddae","appKey":"ajykwpgx.API_Connector.1.0.0.Release","createdDate":"2026-08-04T11:25:05.964Z","correlationId":"001299e5b6d24971858ffc1a71040567","message":"'workflowState/variables/currentState.value' value changed from 'PRE_ACCEPT_SHIPMENT' to 'ACCEPTED_SHIPMENT'","oldValue":"PRE_ACCEPT_SHIPMENT","newValue":"ACCEPTED_SHIPMENT","subject":"value","userId":"12d4e2ea75c349da8145d2f661ebddae"},{"changeMessageId":"6a71cc11db3997534d805489","appId":"12d4e2ea75c349da8145d2f661ebddae","appKey":"ajykwpgx.API_Connector.1.0.0.Release","createdDate":"2026-08-04T11:25:05.964Z","correlationId":"001299e5b6d24971858ffc1a71040567","message":"'workflowState/variables/currentState.updateDate' value changed from 'Tue Aug 04 11:24:05 UTC 2026' to 'Tue Aug 04 11:25:05 UTC 2026'","oldValue":"Tue Aug 04 11:24:05 UTC 2026","newValue":"Tue Aug 04 11:25:05 UTC 2026","subject":"updateDate","userId":"12d4e2ea75c349da8145d2f661ebddae"},{"changeMessageId":"6a71cc11db3997534d80548a","appId":"12d4e2ea75c349da8145d2f661ebddae","appKey":"ajykwpgx.API_Connector.1.0.0.Release","createdDate":"2026-08-04T11:25:05.964Z","correlationId":"001299e5b6d24971858ffc1a71040567","message":"'versionHash' value changed from '32452838' to '-419896078'","oldValue":"32452838","newValue":"-419896078","subject":"versionHash","userId":"12d4e2ea75c349da8145d2f661ebddae"},{"changeMessageId":"6a71cc11db3997534d80548b","appId":"12d4e2ea75c349da8145d2f661ebddae","appKey":"ajykwpgx.API_Connector.1.0.0.Release","createdDate":"2026-08-04T11:25:05.964Z","correlationId":"001299e5b6d24971858ffc1a71040567","message":"'lastModifiedDate' value changed from '2026-08-04T11:24:06.423Z' to '2026-08-04T11:25:05.957663Z'","oldValue":"2026-08-04T11:24:06.423Z","newValue":"2026-08-04T11:25:05.957663Z","subject":"lastModifiedDate","userId":"12d4e2ea75c349da8145d2f661ebddae"},{"changeMessageId":"6a71cc11db3997534d80548c","appId":"12d4e2ea75c349da8145d2f661ebddae","appKey":"ajykwpgx.API_Connector.1.0.0.Release","createdDate":"2026-08-04T11:25:05.964Z","correlationId":"001299e5b6d24971858ffc1a71040567","message":"'readyToCapture' value changed from 'false' to 'true'","oldValue":"false","newValue":"true","subject":"readyToCapture","userId":"12d4e2ea75c349da8145d2f661ebddae"},{"changeMessageId":"6a71cc11db3997534d80548d","appId":"12d4e2ea75c349da8145d2f661ebddae","appKey":"ajykwpgx.API_Connector.1.0.0.Release","createdDate":"2026-08-04T11:25:05.964Z","correlationId":"001299e5b6d24971858ffc1a71040567","message":"'workflowState.shipmentState' value changed from 'PRE_ACCEPT_SHIPMENT' to 'ACCEPTED_SHIPMENT'","oldValue":"PRE_ACCEPT_SHIPMENT","newValue":"ACCEPTED_SHIPMENT","subject":"shipmentState","userId":"12d4e2ea75c349da8145d2f661ebddae"},{"changeMessageId":"6a71cc11db3997534d80548e","appId":"12d4e2ea75c349da8145d2f661ebddae","appKey":"ajykwpgx.API_Connector.1.0.0.Release","createdDate":"2026-08-04T11:25:05.964Z","correlationId":"001299e5b6d24971858ffc1a71040567","message":"'workflowState.activeTaskName' value changed from 'Accept Shipment' to 'Validate Items In Stock'","oldValue":"Accept Shipment","newValue":"Validate Items In Stock","subject":"activeTaskName","userId":"12d4e2ea75c349da8145d2f661ebddae"},{"changeMessageId":"6a71cc11db3997534d80548f","appId":"12d4e2ea75c349da8145d2f661ebddae","appKey":"ajykwpgx.API_Connector.1.0.0.Release","createdDate":"2026-08-04T11:25:05.964Z","correlationId":"001299e5b6d24971858ffc1a71040567","message":"'workflowState.variables' map changes :\n  'shipmentAccepted' -> 'Shipment/6a71cbd586c0165dcc378f52#workflowState/variables/shipmentAccepted' added","subject":"variables","userId":"12d4e2ea75c349da8145d2f661ebddae"},{"changeMessageId":"6a71cc11db3997534d80549e","appId":"12d4e2ea75c349da8145d2f661ebddae","appKey":"ajykwpgx.API_Connector.1.0.0.Release","createdDate":"2026-08-04T11:25:05.975Z","correlationId":"001299e5b6d24971858ffc1a71040567","message":"'acceptedDate' value changed from '' to '2026-08-04T11:25:05.972686Z'","oldValue":"null","newValue":"2026-08-04T11:25:05.972686Z","subject":"acceptedDate","userId":"12d4e2ea75c349da8145d2f661ebddae"},{"changeMessageId":"6a71cc11db3997534d80549f","appId":"12d4e2ea75c349da8145d2f661ebddae","appKey":"ajykwpgx.API_Connector.1.0.0.Release","createdDate":"2026-08-04T11:25:05.976Z","correlationId":"001299e5b6d24971858ffc1a71040567","message":"'lastModifiedDate' value changed from '2026-08-04T11:25:05.966Z' to '2026-08-04T11:25:05.966633Z'","oldValue":"2026-08-04T11:25:05.966Z","newValue":"2026-08-04T11:25:05.966633Z","subject":"lastModifiedDate","userId":"12d4e2ea75c349da8145d2f661ebddae"},{"changeMessageId":"6a71cc1cdb3997534d806117","appId":"12d4e2ea75c349da8145d2f661ebddae","appKey":"ajykwpgx.API_Connector.1.0.0.Release","createdDate":"2026-08-04T11:25:16.004Z","correlationId":"478877b82996400cb43a89c8addef890","message":"'shipmentNotes' collection changes :\n  0. 'ShipmentNote/2026-08-04T05:25:15.776442082' added","subject":"shipmentNotes","userId":"12d4e2ea75c349da8145d2f661ebddae"}],"email":"mgowda@kognivera.com","acceptedDate":"2026-08-04T11:25:05.972Z","isExpress":false,"auditInfo":{"updateDate":"2026-08-04T11:25:16Z","createDate":"2026-08-04T11:24:05Z","updateBy":"12d4e2ea75c349da8145d2f661ebddae","createBy":"2CC1D66690B6427698BA2D374AEBC96D"},"readyToCapture":true,"isOptInForSms":false,"shopperNotes":{},"shipmentNotes":[{"noteId":"2026-08-04T05:25:15.776442082","noteText":"Create Shipment API returned status: Best Quotation Error: EnvioClick No Rates Found:Skydropx No Rates Found","username":"12d4e2ea75c349da8145d2f661ebddae","role":"Manager","auditInfo":{"updateDate":"2026-08-04T11:25:15Z","createDate":"2026-08-04T11:25:15Z","updateBy":"12d4e2ea75c349da8145d2f661ebddae","createBy":"12d4e2ea75c349da8145d2f661ebddae"}}],"isAutoAssigned":true,"isHistoricalImport":false,"substitutedItems":[],"orderType":"Online","workflowProcessVersion":"1.2518.0","isFlatRateShipping":true,"slas":[],"shipmentGroup":"group-2201-2026-08-07T00:02:00Z","groupId":"778a347050a2f94f89b76e0595437990","carrier":"FDA Flat Rate","shipmentAttributes":[],"_links":{"self":{"href":"https://t1000490-s1000992.sb.usc1.gcp.kibocommerce.com/api/commerce/shipments/32242"},"shipments":{"href":"https://t1000490-s1000992.sb.usc1.gcp.kibocommerce.com/api/commerce/shipments"},"tasks":{"href":"https://t1000490-s1000992.sb.usc1.gcp.kibocommerce.com/api/commerce/shipments/32242/tasks"},"workflowInstanceImage":{"href":"https://t1000490-s1000992.sb.usc1.gcp.kibocommerce.com/api/commerce/shipments/32242/workflow-instance-image"},"backorder":{"href":"https://t1000490-s1000992.sb.usc1.gcp.kibocommerce.com/api/commerce/shipments/32242/backordered","method":"POST"},"backorderItems":{"href":"https://t1000490-s1000992.sb.usc1.gcp.kibocommerce.com/api/commerce/shipments/32242/backorderedItems","method":"POST"},"reject":{"href":"https://t1000490-s1000992.sb.usc1.gcp.kibocommerce.com/api/commerce/shipments/32242/rejected","method":"PUT"},"rejectItems":{"href":"https://t1000490-s1000992.sb.usc1.gcp.kibocommerce.com/api/commerce/shipments/32242/rejectedItems","method":"PUT"},"cancel":{"href":"https://t1000490-s1000992.sb.usc1.gcp.kibocommerce.com/api/commerce/shipments/32242/canceled","method":"PUT"},"fulfill":{"href":"https://t1000490-s1000992.sb.usc1.gcp.kibocommerce.com/api/commerce/shipments/32242/fulfilled","method":"PUT"},"reassign":{"href":"https://t1000490-s1000992.sb.usc1.gcp.kibocommerce.com/api/commerce/shipments/32242/reassigned","method":"PUT"},"reassignItems":{"href":"https://t1000490-s1000992.sb.usc1.gcp.kibocommerce.com/api/commerce/shipments/32242/reassignedItems","method":"PUT"},"cancelItems":{"href":"https://t1000490-s1000992.sb.usc1.gcp.kibocommerce.com/api/commerce/shipments/32242/canceledItems","method":"PUT"}}}]},"_links":{"self":{"href":"https://t1000490-s1000992.sb.usc1.gcp.kibocommerce.com/api/commerce/shipments?filter=orderId%3D%3D1b7229bd1bab2700014d7bb0000f442a&page=0&pageSize=200"}},"page":{"size":200,"totalElements":1,"totalPages":1,"number":0}}
2026-08-04 17:00:22 INFO  FDA_Automation_Script.FDA_Automation_Script.utils.LoggerUtility - 3PL data not ready — deliveryPartner='', tplShipmentId=''. Waiting 30s...
2026-08-04 17:00:52 INFO  FDA_Automation_Script.FDA_Automation_Script.utils.LoggerUtility - Kibo shipment data poll attempt 12/20
2026-08-04 17:00:52 INFO  FDA_Automation_Script.FDA_Automation_Script.utils.LoggerUtility - ========== Get Shipments by Order ID ==========
2026-08-04 17:00:52 INFO  FDA_Automation_Script.FDA_Automation_Script.utils.LoggerUtility - Calling Kibo Get Shipments API: https://t1000490-s1000992.sb.usc1.gcp.kibocommerce.com/api/commerce/shipments filter=orderId==1b7229bd1bab2700014d7bb0000f442a
2026-08-04 17:00:52 INFO  FDA_Automation_Script.FDA_Automation_Script.utils.LoggerUtility - Get Shipments by OrderId Status : 200
2026-08-04 17:00:52 INFO  FDA_Automation_Script.FDA_Automation_Script.utils.LoggerUtility - Get Shipments by OrderId Body   : {"_embedded":{"shipments":[{"shipmentNumber":32242,"orderId":"1b7229bd1bab2700014d7bb0000f442a","orderNumber":28888,"orderSubmitDate":"2026-08-04T11:24:05.366Z","externalOrderId":"4000273592WEB","customerAccountId":1047,"tenantId":1000490,"siteId":1000992,"shipmentType":"STH","shipmentStatus":"READY","fulfillmentLocationCode":"2201","assignedLocationCode":"2201","workflowProcessId":"FDA_Custom_STH_WF_V1.0","workflowProcessContainerId":"KUPT.kibo-fulfillment-workflows-fda","shipmentAdjustment":0.0,"lineItemSubtotal":400.0,"lineItemTaxAdjustment":0.0,"lineItemTaxTotal":0.0,"lineItemTotal":400.0,"shippingAdjustment":0.0,"shippingSubtotal":0.0,"shippingTaxAdjustment":0.0,"shippingTaxTotal":0.0,"shippingTotal":0.0,"handlingAdjustment":0.0,"handlingSubtotal":0.0,"handlingTaxAdjustment":0.0,"handlingTaxTotal":0.0,"handlingTotal":0.0,"dutyAdjustment":0.0,"dutyTotal":0.0,"total":400.0,"currencyCode":"MXN","destination":{"destinationContact":{"address":{"address1":"Calles Loren","address2":"12","cityOrTown":"Ciudad de México","countryCode":"MX","isValidated":false,"postalOrZipCode":"03610","stateOrProvince":"Ciudad de México"},"email":"mgowda@kognivera.com","firstName":"Mithu","lastNameOrSurname":"Gowda","shortFullName":"Mithu Gowda","fullName":"Mithu Gowda","phoneNumbers":{"mobile":"7022499246"}},"isDestinationCommercial":false},"customer":{"customerContact":{"address":{"address1":"Calles Loren","address2":"12","cityOrTown":"Ciudad de México","countryCode":"MX","isValidated":false,"postalOrZipCode":"03610","stateOrProvince":"Ciudad de México"},"email":"mgowda@kognivera.com","firstName":"Mithu","lastNameOrSurname":"Gowda","shortFullName":"Mithu Gowda","fullName":"Mithu Gowda","phoneNumbers":{"mobile":"7022499246"}}},"shippingMethodCode":"FDA Flat Rate","items":[{"attributes":{"Capacity":0,"Count":0},"lineId":1,"originalOrderItemId":"314073284a6d48198878b49c00bbc7f8","goodsType":"Physical","productCode":"78078094202","quantity":1,"transferQuantity":0,"imageUrl":"https://staging-media.fahorro.com/media/catalog/product/8/1/81a8ed61a45982c4.jpg?optimize=medium&fit=bounds&height=&width=","name":"Diamond Eye Combo Pack Monthly Color Contact Lenses113","upc":"78078094202","allowsBackOrder":false,"unitPrice":400.0,"isTaxable":false,"actualPrice":400.0,"itemDiscount":0.0,"lineItemCost":400.0,"itemTax":0.0,"shipping":0.0,"shippingDiscount":0.0,"shippingTax":0.0,"handling":0.0,"handlingDiscount":0.0,"handlingTax":0.0,"duty":0.0,"weightedShipmentAdjustment":0.0,"weightedLineItemTaxAdjustment":0.0,"weightedShippingAdjustment":0.0,"weightedShippingTaxAdjustment":0.0,"weightedHandlingAdjustment":0.0,"weightedHandlingTaxAdjustment":0.0,"weightedDutyAdjustment":0.0,"weightedOrderHandlingFee":0.0,"weightedOrderHandlingFeeTax":0.0,"weightedOrderHandlingFeeDiscount":0.0,"taxableShipping":0.0,"taxableLineItemCost":400.0,"taxableHandling":0.0,"data":{"edd":"2026-08-07T00:02:00Z","backOrder":"false","deliveryType":"FBO","fulfillmentLocationCode":"2201"},"auditInfo":{"updateDate":"2026-08-04T11:24:06Z","createDate":"2026-08-04T11:24:05Z","updateBy":"2CC1D66690B6427698BA2D374AEBC96D","createBy":"2CC1D66690B6427698BA2D374AEBC96D"},"options":[],"manageStock":true,"creditValue":400.0,"isAssemblyRequired":false,"allowsFutureAllocate":false,"isReservedInventory":false,"originalQuantity":1,"priceMode":"Internal"}],"canceledItems":[],"reassignedItems":[],"rejectedItems":[],"transferredItems":[],"packages":[],"workflowState":{"shipmentState":"ACCEPTED_SHIPMENT","taskList":[{"name":"Accept Shipment","subject":"","inputs":[{"name":"shipmentAccepted","type":"BOOLEAN"}],"active":false,"completed":true,"completedDate":"2026-08-04T11:25:05.746Z","activeDate":"2026-08-04T11:24:05.974Z","completedDurationMillis":59772,"_links":{}},{"taskId":"493890","name":"Validate Items In Stock","subject":"","description":"Validate stock","skippable":true,"inputs":[{"name":"createTransfer","type":"BOOLEAN"},{"name":"stockLevel","type":"STRING"}],"active":true,"completed":false,"activeDate":"2026-08-04T11:25:05.761Z","_links":{"skip":{"href":"https://t1000490-s1000992.sb.usc1.gcp.kibocommerce.com/api/commerce/shipments/32242/tasks/Validate%20Items%20In%20Stock/skipped","method":"PUT"},"execute":{"href":"https://t1000490-s1000992.sb.usc1.gcp.kibocommerce.com/api/commerce/shipments/32242/tasks/Validate%20Items%20In%20Stock/completed","method":"PUT"}}},{"name":"Wait for Transfer","subject":"Wait for Transfer","inputs":[],"active":false,"completed":false,"_links":{}},{"name":"Print Packing Slip","subject":"","inputs":[{"name":"back","type":"BOOLEAN"}],"active":false,"completed":false,"_links":{}},{"name":"Prepare for Shipment","subject":"","inputs":[{"name":"canceled","type":"BOOLEAN"},{"name":"back","type":"BOOLEAN"}],"active":false,"completed":false,"_links":{}},{"name":"Dispatched","subject":"","inputs":[],"active":false,"completed":false,"_links":{}}],"activeTaskName":"Validate Items In Stock","processInstanceId":"317217","auditInfo":{"updateDate":"2026-08-04T11:25:16Z","createDate":"2026-08-04T11:24:05Z","updateBy":"12d4e2ea75c349da8145d2f661ebddae","createBy":"2CC1D66690B6427698BA2D374AEBC96D"},"variables":{"initiator":{"name":"initiator","oldValue":"","value":"wbadmin","updateDate":"2026-08-04T11:24:05Z"},"currentState":{"name":"currentState","oldValue":"PRE_ACCEPT_SHIPMENT","value":"ACCEPTED_SHIPMENT","updateDate":"2026-08-04T11:25:05Z"},"shipmentAccepted":{"name":"shipmentAccepted","oldValue":"","value":"true","updateDate":"2026-08-04T11:25:05Z"}}},"changeMessages":[{"changeMessageId":"6a71cbd686c0165dcc378fcf","appId":"2CC1D66690B6427698BA2D374AEBC96D","appKey":"mozu.CommerceRuntimeOrderQueueService.2628.0.0.Release","createdDate":"2026-08-04T11:24:06.421Z","correlationId":"57ae3489c9d44690a9340c4be8da7c3b","message":"'workflowState.shipmentState' value changed from '' to 'PRE_ACCEPT_SHIPMENT'","oldValue":"null","newValue":"PRE_ACCEPT_SHIPMENT","subject":"shipmentState","userId":"2CC1D66690B6427698BA2D374AEBC96D"},{"changeMessageId":"6a71cbd686c0165dcc378fd0","appId":"2CC1D66690B6427698BA2D374AEBC96D","appKey":"mozu.CommerceRuntimeOrderQueueService.2628.0.0.Release","createdDate":"2026-08-04T11:24:06.421Z","correlationId":"57ae3489c9d44690a9340c4be8da7c3b","message":"'workflowState.activeTaskName' value changed from '' to 'Accept Shipment'","oldValue":"null","newValue":"Accept Shipment","subject":"activeTaskName","userId":"2CC1D66690B6427698BA2D374AEBC96D"},{"changeMessageId":"6a71cbd686c0165dcc378fd1","appId":"2CC1D66690B6427698BA2D374AEBC96D","appKey":"mozu.CommerceRuntimeOrderQueueService.2628.0.0.Release","createdDate":"2026-08-04T11:24:06.421Z","correlationId":"57ae3489c9d44690a9340c4be8da7c3b","message":"'shipmentStatus' value changed from '' to 'READY'","oldValue":"null","newValue":"READY","subject":"shipmentStatus","userId":"2CC1D66690B6427698BA2D374AEBC96D"},{"changeMessageId":"6a71cbd686c0165dcc378fd2","appId":"2CC1D66690B6427698BA2D374AEBC96D","appKey":"mozu.CommerceRuntimeOrderQueueService.2628.0.0.Release","createdDate":"2026-08-04T11:24:06.421Z","correlationId":"57ae3489c9d44690a9340c4be8da7c3b","message":"Shipment [32242] created","userId":"2CC1D66690B6427698BA2D374AEBC96D"},{"changeMessageId":"6a71cc11db3997534d805487","appId":"12d4e2ea75c349da8145d2f661ebddae","appKey":"ajykwpgx.API_Connector.1.0.0.Release","createdDate":"2026-08-04T11:25:05.963Z","correlationId":"001299e5b6d24971858ffc1a71040567","message":"'workflowState/variables/currentState.oldValue' value changed from '' to 'PRE_ACCEPT_SHIPMENT'","oldValue":"","newValue":"PRE_ACCEPT_SHIPMENT","subject":"oldValue","userId":"12d4e2ea75c349da8145d2f661ebddae"},{"changeMessageId":"6a71cc11db3997534d805488","appId":"12d4e2ea75c349da8145d2f661ebddae","appKey":"ajykwpgx.API_Connector.1.0.0.Release","createdDate":"2026-08-04T11:25:05.964Z","correlationId":"001299e5b6d24971858ffc1a71040567","message":"'workflowState/variables/currentState.value' value changed from 'PRE_ACCEPT_SHIPMENT' to 'ACCEPTED_SHIPMENT'","oldValue":"PRE_ACCEPT_SHIPMENT","newValue":"ACCEPTED_SHIPMENT","subject":"value","userId":"12d4e2ea75c349da8145d2f661ebddae"},{"changeMessageId":"6a71cc11db3997534d805489","appId":"12d4e2ea75c349da8145d2f661ebddae","appKey":"ajykwpgx.API_Connector.1.0.0.Release","createdDate":"2026-08-04T11:25:05.964Z","correlationId":"001299e5b6d24971858ffc1a71040567","message":"'workflowState/variables/currentState.updateDate' value changed from 'Tue Aug 04 11:24:05 UTC 2026' to 'Tue Aug 04 11:25:05 UTC 2026'","oldValue":"Tue Aug 04 11:24:05 UTC 2026","newValue":"Tue Aug 04 11:25:05 UTC 2026","subject":"updateDate","userId":"12d4e2ea75c349da8145d2f661ebddae"},{"changeMessageId":"6a71cc11db3997534d80548a","appId":"12d4e2ea75c349da8145d2f661ebddae","appKey":"ajykwpgx.API_Connector.1.0.0.Release","createdDate":"2026-08-04T11:25:05.964Z","correlationId":"001299e5b6d24971858ffc1a71040567","message":"'versionHash' value changed from '32452838' to '-419896078'","oldValue":"32452838","newValue":"-419896078","subject":"versionHash","userId":"12d4e2ea75c349da8145d2f661ebddae"},{"changeMessageId":"6a71cc11db3997534d80548b","appId":"12d4e2ea75c349da8145d2f661ebddae","appKey":"ajykwpgx.API_Connector.1.0.0.Release","createdDate":"2026-08-04T11:25:05.964Z","correlationId":"001299e5b6d24971858ffc1a71040567","message":"'lastModifiedDate' value changed from '2026-08-04T11:24:06.423Z' to '2026-08-04T11:25:05.957663Z'","oldValue":"2026-08-04T11:24:06.423Z","newValue":"2026-08-04T11:25:05.957663Z","subject":"lastModifiedDate","userId":"12d4e2ea75c349da8145d2f661ebddae"},{"changeMessageId":"6a71cc11db3997534d80548c","appId":"12d4e2ea75c349da8145d2f661ebddae","appKey":"ajykwpgx.API_Connector.1.0.0.Release","createdDate":"2026-08-04T11:25:05.964Z","correlationId":"001299e5b6d24971858ffc1a71040567","message":"'readyToCapture' value changed from 'false' to 'true'","oldValue":"false","newValue":"true","subject":"readyToCapture","userId":"12d4e2ea75c349da8145d2f661ebddae"},{"changeMessageId":"6a71cc11db3997534d80548d","appId":"12d4e2ea75c349da8145d2f661ebddae","appKey":"ajykwpgx.API_Connector.1.0.0.Release","createdDate":"2026-08-04T11:25:05.964Z","correlationId":"001299e5b6d24971858ffc1a71040567","message":"'workflowState.shipmentState' value changed from 'PRE_ACCEPT_SHIPMENT' to 'ACCEPTED_SHIPMENT'","oldValue":"PRE_ACCEPT_SHIPMENT","newValue":"ACCEPTED_SHIPMENT","subject":"shipmentState","userId":"12d4e2ea75c349da8145d2f661ebddae"},{"changeMessageId":"6a71cc11db3997534d80548e","appId":"12d4e2ea75c349da8145d2f661ebddae","appKey":"ajykwpgx.API_Connector.1.0.0.Release","createdDate":"2026-08-04T11:25:05.964Z","correlationId":"001299e5b6d24971858ffc1a71040567","message":"'workflowState.activeTaskName' value changed from 'Accept Shipment' to 'Validate Items In Stock'","oldValue":"Accept Shipment","newValue":"Validate Items In Stock","subject":"activeTaskName","userId":"12d4e2ea75c349da8145d2f661ebddae"},{"changeMessageId":"6a71cc11db3997534d80548f","appId":"12d4e2ea75c349da8145d2f661ebddae","appKey":"ajykwpgx.API_Connector.1.0.0.Release","createdDate":"2026-08-04T11:25:05.964Z","correlationId":"001299e5b6d24971858ffc1a71040567","message":"'workflowState.variables' map changes :\n  'shipmentAccepted' -> 'Shipment/6a71cbd586c0165dcc378f52#workflowState/variables/shipmentAccepted' added","subject":"variables","userId":"12d4e2ea75c349da8145d2f661ebddae"},{"changeMessageId":"6a71cc11db3997534d80549e","appId":"12d4e2ea75c349da8145d2f661ebddae","appKey":"ajykwpgx.API_Connector.1.0.0.Release","createdDate":"2026-08-04T11:25:05.975Z","correlationId":"001299e5b6d24971858ffc1a71040567","message":"'acceptedDate' value changed from '' to '2026-08-04T11:25:05.972686Z'","oldValue":"null","newValue":"2026-08-04T11:25:05.972686Z","subject":"acceptedDate","userId":"12d4e2ea75c349da8145d2f661ebddae"},{"changeMessageId":"6a71cc11db3997534d80549f","appId":"12d4e2ea75c349da8145d2f661ebddae","appKey":"ajykwpgx.API_Connector.1.0.0.Release","createdDate":"2026-08-04T11:25:05.976Z","correlationId":"001299e5b6d24971858ffc1a71040567","message":"'lastModifiedDate' value changed from '2026-08-04T11:25:05.966Z' to '2026-08-04T11:25:05.966633Z'","oldValue":"2026-08-04T11:25:05.966Z","newValue":"2026-08-04T11:25:05.966633Z","subject":"lastModifiedDate","userId":"12d4e2ea75c349da8145d2f661ebddae"},{"changeMessageId":"6a71cc1cdb3997534d806117","appId":"12d4e2ea75c349da8145d2f661ebddae","appKey":"ajykwpgx.API_Connector.1.0.0.Release","createdDate":"2026-08-04T11:25:16.004Z","correlationId":"478877b82996400cb43a89c8addef890","message":"'shipmentNotes' collection changes :\n  0. 'ShipmentNote/2026-08-04T05:25:15.776442082' added","subject":"shipmentNotes","userId":"12d4e2ea75c349da8145d2f661ebddae"}],"email":"mgowda@kognivera.com","acceptedDate":"2026-08-04T11:25:05.972Z","isExpress":false,"auditInfo":{"updateDate":"2026-08-04T11:25:16Z","createDate":"2026-08-04T11:24:05Z","updateBy":"12d4e2ea75c349da8145d2f661ebddae","createBy":"2CC1D66690B6427698BA2D374AEBC96D"},"readyToCapture":true,"isOptInForSms":false,"shopperNotes":{},"shipmentNotes":[{"noteId":"2026-08-04T05:25:15.776442082","noteText":"Create Shipment API returned status: Best Quotation Error: EnvioClick No Rates Found:Skydropx No Rates Found","username":"12d4e2ea75c349da8145d2f661ebddae","role":"Manager","auditInfo":{"updateDate":"2026-08-04T11:25:15Z","createDate":"2026-08-04T11:25:15Z","updateBy":"12d4e2ea75c349da8145d2f661ebddae","createBy":"12d4e2ea75c349da8145d2f661ebddae"}}],"isAutoAssigned":true,"isHistoricalImport":false,"substitutedItems":[],"orderType":"Online","workflowProcessVersion":"1.2518.0","isFlatRateShipping":true,"slas":[],"shipmentGroup":"group-2201-2026-08-07T00:02:00Z","groupId":"778a347050a2f94f89b76e0595437990","carrier":"FDA Flat Rate","shipmentAttributes":[],"_links":{"self":{"href":"https://t1000490-s1000992.sb.usc1.gcp.kibocommerce.com/api/commerce/shipments/32242"},"shipments":{"href":"https://t1000490-s1000992.sb.usc1.gcp.kibocommerce.com/api/commerce/shipments"},"tasks":{"href":"https://t1000490-s1000992.sb.usc1.gcp.kibocommerce.com/api/commerce/shipments/32242/tasks"},"workflowInstanceImage":{"href":"https://t1000490-s1000992.sb.usc1.gcp.kibocommerce.com/api/commerce/shipments/32242/workflow-instance-image"},"backorder":{"href":"https://t1000490-s1000992.sb.usc1.gcp.kibocommerce.com/api/commerce/shipments/32242/backordered","method":"POST"},"backorderItems":{"href":"https://t1000490-s1000992.sb.usc1.gcp.kibocommerce.com/api/commerce/shipments/32242/backorderedItems","method":"POST"},"reject":{"href":"https://t1000490-s1000992.sb.usc1.gcp.kibocommerce.com/api/commerce/shipments/32242/rejected","method":"PUT"},"rejectItems":{"href":"https://t1000490-s1000992.sb.usc1.gcp.kibocommerce.com/api/commerce/shipments/32242/rejectedItems","method":"PUT"},"cancel":{"href":"https://t1000490-s1000992.sb.usc1.gcp.kibocommerce.com/api/commerce/shipments/32242/canceled","method":"PUT"},"fulfill":{"href":"https://t1000490-s1000992.sb.usc1.gcp.kibocommerce.com/api/commerce/shipments/32242/fulfilled","method":"PUT"},"reassign":{"href":"https://t1000490-s1000992.sb.usc1.gcp.kibocommerce.com/api/commerce/shipments/32242/reassigned","method":"PUT"},"reassignItems":{"href":"https://t1000490-s1000992.sb.usc1.gcp.kibocommerce.com/api/commerce/shipments/32242/reassignedItems","method":"PUT"},"cancelItems":{"href":"https://t1000490-s1000992.sb.usc1.gcp.kibocommerce.com/api/commerce/shipments/32242/canceledItems","method":"PUT"}}}]},"_links":{"self":{"href":"https://t1000490-s1000992.sb.usc1.gcp.kibocommerce.com/api/commerce/shipments?filter=orderId%3D%3D1b7229bd1bab2700014d7bb0000f442a&page=0&pageSize=200"}},"page":{"size":200,"totalElements":1,"totalPages":1,"number":0}}
2026-08-04 17:00:52 INFO  FDA_Automation_Script.FDA_Automation_Script.utils.LoggerUtility - 3PL data not ready — deliveryPartner='', tplShipmentId=''. Waiting 30s...
2026-08-04 17:01:22 INFO  FDA_Automation_Script.FDA_Automation_Script.utils.LoggerUtility - Kibo shipment data poll attempt 13/20
2026-08-04 17:01:22 INFO  FDA_Automation_Script.FDA_Automation_Script.utils.LoggerUtility - ========== Get Shipments by Order ID ==========
2026-08-04 17:01:22 INFO  FDA_Automation_Script.FDA_Automation_Script.utils.LoggerUtility - Calling Kibo Get Shipments API: https://t1000490-s1000992.sb.usc1.gcp.kibocommerce.com/api/commerce/shipments filter=orderId==1b7229bd1bab2700014d7bb0000f442a
2026-08-04 17:01:22 INFO  FDA_Automation_Script.FDA_Automation_Script.utils.LoggerUtility - Get Shipments by OrderId Status : 200
2026-08-04 17:01:22 INFO  FDA_Automation_Script.FDA_Automation_Script.utils.LoggerUtility - Get Shipments by OrderId Body   : {"_embedded":{"shipments":[{"shipmentNumber":32242,"orderId":"1b7229bd1bab2700014d7bb0000f442a","orderNumber":28888,"orderSubmitDate":"2026-08-04T11:24:05.366Z","externalOrderId":"4000273592WEB","customerAccountId":1047,"tenantId":1000490,"siteId":1000992,"shipmentType":"STH","shipmentStatus":"READY","fulfillmentLocationCode":"2201","assignedLocationCode":"2201","workflowProcessId":"FDA_Custom_STH_WF_V1.0","workflowProcessContainerId":"KUPT.kibo-fulfillment-workflows-fda","shipmentAdjustment":0.0,"lineItemSubtotal":400.0,"lineItemTaxAdjustment":0.0,"lineItemTaxTotal":0.0,"lineItemTotal":400.0,"shippingAdjustment":0.0,"shippingSubtotal":0.0,"shippingTaxAdjustment":0.0,"shippingTaxTotal":0.0,"shippingTotal":0.0,"handlingAdjustment":0.0,"handlingSubtotal":0.0,"handlingTaxAdjustment":0.0,"handlingTaxTotal":0.0,"handlingTotal":0.0,"dutyAdjustment":0.0,"dutyTotal":0.0,"total":400.0,"currencyCode":"MXN","destination":{"destinationContact":{"address":{"address1":"Calles Loren","address2":"12","cityOrTown":"Ciudad de México","countryCode":"MX","isValidated":false,"postalOrZipCode":"03610","stateOrProvince":"Ciudad de México"},"email":"mgowda@kognivera.com","firstName":"Mithu","lastNameOrSurname":"Gowda","shortFullName":"Mithu Gowda","fullName":"Mithu Gowda","phoneNumbers":{"mobile":"7022499246"}},"isDestinationCommercial":false},"customer":{"customerContact":{"address":{"address1":"Calles Loren","address2":"12","cityOrTown":"Ciudad de México","countryCode":"MX","isValidated":false,"postalOrZipCode":"03610","stateOrProvince":"Ciudad de México"},"email":"mgowda@kognivera.com","firstName":"Mithu","lastNameOrSurname":"Gowda","shortFullName":"Mithu Gowda","fullName":"Mithu Gowda","phoneNumbers":{"mobile":"7022499246"}}},"shippingMethodCode":"FDA Flat Rate","items":[{"attributes":{"Capacity":0,"Count":0},"lineId":1,"originalOrderItemId":"314073284a6d48198878b49c00bbc7f8","goodsType":"Physical","productCode":"78078094202","quantity":1,"transferQuantity":0,"imageUrl":"https://staging-media.fahorro.com/media/catalog/product/8/1/81a8ed61a45982c4.jpg?optimize=medium&fit=bounds&height=&width=","name":"Diamond Eye Combo Pack Monthly Color Contact Lenses113","upc":"78078094202","allowsBackOrder":false,"unitPrice":400.0,"isTaxable":false,"actualPrice":400.0,"itemDiscount":0.0,"lineItemCost":400.0,"itemTax":0.0,"shipping":0.0,"shippingDiscount":0.0,"shippingTax":0.0,"handling":0.0,"handlingDiscount":0.0,"handlingTax":0.0,"duty":0.0,"weightedShipmentAdjustment":0.0,"weightedLineItemTaxAdjustment":0.0,"weightedShippingAdjustment":0.0,"weightedShippingTaxAdjustment":0.0,"weightedHandlingAdjustment":0.0,"weightedHandlingTaxAdjustment":0.0,"weightedDutyAdjustment":0.0,"weightedOrderHandlingFee":0.0,"weightedOrderHandlingFeeTax":0.0,"weightedOrderHandlingFeeDiscount":0.0,"taxableShipping":0.0,"taxableLineItemCost":400.0,"taxableHandling":0.0,"data":{"edd":"2026-08-07T00:02:00Z","backOrder":"false","deliveryType":"FBO","fulfillmentLocationCode":"2201"},"auditInfo":{"updateDate":"2026-08-04T11:24:06Z","createDate":"2026-08-04T11:24:05Z","updateBy":"2CC1D66690B6427698BA2D374AEBC96D","createBy":"2CC1D66690B6427698BA2D374AEBC96D"},"options":[],"manageStock":true,"creditValue":400.0,"isAssemblyRequired":false,"allowsFutureAllocate":false,"isReservedInventory":false,"originalQuantity":1,"priceMode":"Internal"}],"canceledItems":[],"reassignedItems":[],"rejectedItems":[],"transferredItems":[],"packages":[],"workflowState":{"shipmentState":"ACCEPTED_SHIPMENT","taskList":[{"name":"Accept Shipment","subject":"","inputs":[{"name":"shipmentAccepted","type":"BOOLEAN"}],"active":false,"completed":true,"completedDate":"2026-08-04T11:25:05.746Z","activeDate":"2026-08-04T11:24:05.974Z","completedDurationMillis":59772,"_links":{}},{"taskId":"493890","name":"Validate Items In Stock","subject":"","description":"Validate stock","skippable":true,"inputs":[{"name":"createTransfer","type":"BOOLEAN"},{"name":"stockLevel","type":"STRING"}],"active":true,"completed":false,"activeDate":"2026-08-04T11:25:05.761Z","_links":{"skip":{"href":"https://t1000490-s1000992.sb.usc1.gcp.kibocommerce.com/api/commerce/shipments/32242/tasks/Validate%20Items%20In%20Stock/skipped","method":"PUT"},"execute":{"href":"https://t1000490-s1000992.sb.usc1.gcp.kibocommerce.com/api/commerce/shipments/32242/tasks/Validate%20Items%20In%20Stock/completed","method":"PUT"}}},{"name":"Wait for Transfer","subject":"Wait for Transfer","inputs":[],"active":false,"completed":false,"_links":{}},{"name":"Print Packing Slip","subject":"","inputs":[{"name":"back","type":"BOOLEAN"}],"active":false,"completed":false,"_links":{}},{"name":"Prepare for Shipment","subject":"","inputs":[{"name":"canceled","type":"BOOLEAN"},{"name":"back","type":"BOOLEAN"}],"active":false,"completed":false,"_links":{}},{"name":"Dispatched","subject":"","inputs":[],"active":false,"completed":false,"_links":{}}],"activeTaskName":"Validate Items In Stock","processInstanceId":"317217","auditInfo":{"updateDate":"2026-08-04T11:25:16Z","createDate":"2026-08-04T11:24:05Z","updateBy":"12d4e2ea75c349da8145d2f661ebddae","createBy":"2CC1D66690B6427698BA2D374AEBC96D"},"variables":{"initiator":{"name":"initiator","oldValue":"","value":"wbadmin","updateDate":"2026-08-04T11:24:05Z"},"currentState":{"name":"currentState","oldValue":"PRE_ACCEPT_SHIPMENT","value":"ACCEPTED_SHIPMENT","updateDate":"2026-08-04T11:25:05Z"},"shipmentAccepted":{"name":"shipmentAccepted","oldValue":"","value":"true","updateDate":"2026-08-04T11:25:05Z"}}},"changeMessages":[{"changeMessageId":"6a71cbd686c0165dcc378fcf","appId":"2CC1D66690B6427698BA2D374AEBC96D","appKey":"mozu.CommerceRuntimeOrderQueueService.2628.0.0.Release","createdDate":"2026-08-04T11:24:06.421Z","correlationId":"57ae3489c9d44690a9340c4be8da7c3b","message":"'workflowState.shipmentState' value changed from '' to 'PRE_ACCEPT_SHIPMENT'","oldValue":"null","newValue":"PRE_ACCEPT_SHIPMENT","subject":"shipmentState","userId":"2CC1D66690B6427698BA2D374AEBC96D"},{"changeMessageId":"6a71cbd686c0165dcc378fd0","appId":"2CC1D66690B6427698BA2D374AEBC96D","appKey":"mozu.CommerceRuntimeOrderQueueService.2628.0.0.Release","createdDate":"2026-08-04T11:24:06.421Z","correlationId":"57ae3489c9d44690a9340c4be8da7c3b","message":"'workflowState.activeTaskName' value changed from '' to 'Accept Shipment'","oldValue":"null","newValue":"Accept Shipment","subject":"activeTaskName","userId":"2CC1D66690B6427698BA2D374AEBC96D"},{"changeMessageId":"6a71cbd686c0165dcc378fd1","appId":"2CC1D66690B6427698BA2D374AEBC96D","appKey":"mozu.CommerceRuntimeOrderQueueService.2628.0.0.Release","createdDate":"2026-08-04T11:24:06.421Z","correlationId":"57ae3489c9d44690a9340c4be8da7c3b","message":"'shipmentStatus' value changed from '' to 'READY'","oldValue":"null","newValue":"READY","subject":"shipmentStatus","userId":"2CC1D66690B6427698BA2D374AEBC96D"},{"changeMessageId":"6a71cbd686c0165dcc378fd2","appId":"2CC1D66690B6427698BA2D374AEBC96D","appKey":"mozu.CommerceRuntimeOrderQueueService.2628.0.0.Release","createdDate":"2026-08-04T11:24:06.421Z","correlationId":"57ae3489c9d44690a9340c4be8da7c3b","message":"Shipment [32242] created","userId":"2CC1D66690B6427698BA2D374AEBC96D"},{"changeMessageId":"6a71cc11db3997534d805487","appId":"12d4e2ea75c349da8145d2f661ebddae","appKey":"ajykwpgx.API_Connector.1.0.0.Release","createdDate":"2026-08-04T11:25:05.963Z","correlationId":"001299e5b6d24971858ffc1a71040567","message":"'workflowState/variables/currentState.oldValue' value changed from '' to 'PRE_ACCEPT_SHIPMENT'","oldValue":"","newValue":"PRE_ACCEPT_SHIPMENT","subject":"oldValue","userId":"12d4e2ea75c349da8145d2f661ebddae"},{"changeMessageId":"6a71cc11db3997534d805488","appId":"12d4e2ea75c349da8145d2f661ebddae","appKey":"ajykwpgx.API_Connector.1.0.0.Release","createdDate":"2026-08-04T11:25:05.964Z","correlationId":"001299e5b6d24971858ffc1a71040567","message":"'workflowState/variables/currentState.value' value changed from 'PRE_ACCEPT_SHIPMENT' to 'ACCEPTED_SHIPMENT'","oldValue":"PRE_ACCEPT_SHIPMENT","newValue":"ACCEPTED_SHIPMENT","subject":"value","userId":"12d4e2ea75c349da8145d2f661ebddae"},{"changeMessageId":"6a71cc11db3997534d805489","appId":"12d4e2ea75c349da8145d2f661ebddae","appKey":"ajykwpgx.API_Connector.1.0.0.Release","createdDate":"2026-08-04T11:25:05.964Z","correlationId":"001299e5b6d24971858ffc1a71040567","message":"'workflowState/variables/currentState.updateDate' value changed from 'Tue Aug 04 11:24:05 UTC 2026' to 'Tue Aug 04 11:25:05 UTC 2026'","oldValue":"Tue Aug 04 11:24:05 UTC 2026","newValue":"Tue Aug 04 11:25:05 UTC 2026","subject":"updateDate","userId":"12d4e2ea75c349da8145d2f661ebddae"},{"changeMessageId":"6a71cc11db3997534d80548a","appId":"12d4e2ea75c349da8145d2f661ebddae","appKey":"ajykwpgx.API_Connector.1.0.0.Release","createdDate":"2026-08-04T11:25:05.964Z","correlationId":"001299e5b6d24971858ffc1a71040567","message":"'versionHash' value changed from '32452838' to '-419896078'","oldValue":"32452838","newValue":"-419896078","subject":"versionHash","userId":"12d4e2ea75c349da8145d2f661ebddae"},{"changeMessageId":"6a71cc11db3997534d80548b","appId":"12d4e2ea75c349da8145d2f661ebddae","appKey":"ajykwpgx.API_Connector.1.0.0.Release","createdDate":"2026-08-04T11:25:05.964Z","correlationId":"001299e5b6d24971858ffc1a71040567","message":"'lastModifiedDate' value changed from '2026-08-04T11:24:06.423Z' to '2026-08-04T11:25:05.957663Z'","oldValue":"2026-08-04T11:24:06.423Z","newValue":"2026-08-04T11:25:05.957663Z","subject":"lastModifiedDate","userId":"12d4e2ea75c349da8145d2f661ebddae"},{"changeMessageId":"6a71cc11db3997534d80548c","appId":"12d4e2ea75c349da8145d2f661ebddae","appKey":"ajykwpgx.API_Connector.1.0.0.Release","createdDate":"2026-08-04T11:25:05.964Z","correlationId":"001299e5b6d24971858ffc1a71040567","message":"'readyToCapture' value changed from 'false' to 'true'","oldValue":"false","newValue":"true","subject":"readyToCapture","userId":"12d4e2ea75c349da8145d2f661ebddae"},{"changeMessageId":"6a71cc11db3997534d80548d","appId":"12d4e2ea75c349da8145d2f661ebddae","appKey":"ajykwpgx.API_Connector.1.0.0.Release","createdDate":"2026-08-04T11:25:05.964Z","correlationId":"001299e5b6d24971858ffc1a71040567","message":"'workflowState.shipmentState' value changed from 'PRE_ACCEPT_SHIPMENT' to 'ACCEPTED_SHIPMENT'","oldValue":"PRE_ACCEPT_SHIPMENT","newValue":"ACCEPTED_SHIPMENT","subject":"shipmentState","userId":"12d4e2ea75c349da8145d2f661ebddae"},{"changeMessageId":"6a71cc11db3997534d80548e","appId":"12d4e2ea75c349da8145d2f661ebddae","appKey":"ajykwpgx.API_Connector.1.0.0.Release","createdDate":"2026-08-04T11:25:05.964Z","correlationId":"001299e5b6d24971858ffc1a71040567","message":"'workflowState.activeTaskName' value changed from 'Accept Shipment' to 'Validate Items In Stock'","oldValue":"Accept Shipment","newValue":"Validate Items In Stock","subject":"activeTaskName","userId":"12d4e2ea75c349da8145d2f661ebddae"},{"changeMessageId":"6a71cc11db3997534d80548f","appId":"12d4e2ea75c349da8145d2f661ebddae","appKey":"ajykwpgx.API_Connector.1.0.0.Release","createdDate":"2026-08-04T11:25:05.964Z","correlationId":"001299e5b6d24971858ffc1a71040567","message":"'workflowState.variables' map changes :\n  'shipmentAccepted' -> 'Shipment/6a71cbd586c0165dcc378f52#workflowState/variables/shipmentAccepted' added","subject":"variables","userId":"12d4e2ea75c349da8145d2f661ebddae"},{"changeMessageId":"6a71cc11db3997534d80549e","appId":"12d4e2ea75c349da8145d2f661ebddae","appKey":"ajykwpgx.API_Connector.1.0.0.Release","createdDate":"2026-08-04T11:25:05.975Z","correlationId":"001299e5b6d24971858ffc1a71040567","message":"'acceptedDate' value changed from '' to '2026-08-04T11:25:05.972686Z'","oldValue":"null","newValue":"2026-08-04T11:25:05.972686Z","subject":"acceptedDate","userId":"12d4e2ea75c349da8145d2f661ebddae"},{"changeMessageId":"6a71cc11db3997534d80549f","appId":"12d4e2ea75c349da8145d2f661ebddae","appKey":"ajykwpgx.API_Connector.1.0.0.Release","createdDate":"2026-08-04T11:25:05.976Z","correlationId":"001299e5b6d24971858ffc1a71040567","message":"'lastModifiedDate' value changed from '2026-08-04T11:25:05.966Z' to '2026-08-04T11:25:05.966633Z'","oldValue":"2026-08-04T11:25:05.966Z","newValue":"2026-08-04T11:25:05.966633Z","subject":"lastModifiedDate","userId":"12d4e2ea75c349da8145d2f661ebddae"},{"changeMessageId":"6a71cc1cdb3997534d806117","appId":"12d4e2ea75c349da8145d2f661ebddae","appKey":"ajykwpgx.API_Connector.1.0.0.Release","createdDate":"2026-08-04T11:25:16.004Z","correlationId":"478877b82996400cb43a89c8addef890","message":"'shipmentNotes' collection changes :\n  0. 'ShipmentNote/2026-08-04T05:25:15.776442082' added","subject":"shipmentNotes","userId":"12d4e2ea75c349da8145d2f661ebddae"}],"email":"mgowda@kognivera.com","acceptedDate":"2026-08-04T11:25:05.972Z","isExpress":false,"auditInfo":{"updateDate":"2026-08-04T11:25:16Z","createDate":"2026-08-04T11:24:05Z","updateBy":"12d4e2ea75c349da8145d2f661ebddae","createBy":"2CC1D66690B6427698BA2D374AEBC96D"},"readyToCapture":true,"isOptInForSms":false,"shopperNotes":{},"shipmentNotes":[{"noteId":"2026-08-04T05:25:15.776442082","noteText":"Create Shipment API returned status: Best Quotation Error: EnvioClick No Rates Found:Skydropx No Rates Found","username":"12d4e2ea75c349da8145d2f661ebddae","role":"Manager","auditInfo":{"updateDate":"2026-08-04T11:25:15Z","createDate":"2026-08-04T11:25:15Z","updateBy":"12d4e2ea75c349da8145d2f661ebddae","createBy":"12d4e2ea75c349da8145d2f661ebddae"}}],"isAutoAssigned":true,"isHistoricalImport":false,"substitutedItems":[],"orderType":"Online","workflowProcessVersion":"1.2518.0","isFlatRateShipping":true,"slas":[],"shipmentGroup":"group-2201-2026-08-07T00:02:00Z","groupId":"778a347050a2f94f89b76e0595437990","carrier":"FDA Flat Rate","shipmentAttributes":[],"_links":{"self":{"href":"https://t1000490-s1000992.sb.usc1.gcp.kibocommerce.com/api/commerce/shipments/32242"},"shipments":{"href":"https://t1000490-s1000992.sb.usc1.gcp.kibocommerce.com/api/commerce/shipments"},"tasks":{"href":"https://t1000490-s1000992.sb.usc1.gcp.kibocommerce.com/api/commerce/shipments/32242/tasks"},"workflowInstanceImage":{"href":"https://t1000490-s1000992.sb.usc1.gcp.kibocommerce.com/api/commerce/shipments/32242/workflow-instance-image"},"backorder":{"href":"https://t1000490-s1000992.sb.usc1.gcp.kibocommerce.com/api/commerce/shipments/32242/backordered","method":"POST"},"backorderItems":{"href":"https://t1000490-s1000992.sb.usc1.gcp.kibocommerce.com/api/commerce/shipments/32242/backorderedItems","method":"POST"},"reject":{"href":"https://t1000490-s1000992.sb.usc1.gcp.kibocommerce.com/api/commerce/shipments/32242/rejected","method":"PUT"},"rejectItems":{"href":"https://t1000490-s1000992.sb.usc1.gcp.kibocommerce.com/api/commerce/shipments/32242/rejectedItems","method":"PUT"},"cancel":{"href":"https://t1000490-s1000992.sb.usc1.gcp.kibocommerce.com/api/commerce/shipments/32242/canceled","method":"PUT"},"fulfill":{"href":"https://t1000490-s1000992.sb.usc1.gcp.kibocommerce.com/api/commerce/shipments/32242/fulfilled","method":"PUT"},"reassign":{"href":"https://t1000490-s1000992.sb.usc1.gcp.kibocommerce.com/api/commerce/shipments/32242/reassigned","method":"PUT"},"reassignItems":{"href":"https://t1000490-s1000992.sb.usc1.gcp.kibocommerce.com/api/commerce/shipments/32242/reassignedItems","method":"PUT"},"cancelItems":{"href":"https://t1000490-s1000992.sb.usc1.gcp.kibocommerce.com/api/commerce/shipments/32242/canceledItems","method":"PUT"}}}]},"_links":{"self":{"href":"https://t1000490-s1000992.sb.usc1.gcp.kibocommerce.com/api/commerce/shipments?filter=orderId%3D%3D1b7229bd1bab2700014d7bb0000f442a&page=0&pageSize=200"}},"page":{"size":200,"totalElements":1,"totalPages":1,"number":0}}
2026-08-04 17:01:23 INFO  FDA_Automation_Script.FDA_Automation_Script.utils.LoggerUtility - 3PL data not ready — deliveryPartner='', tplShipmentId=''. Waiting 30s...
2026-08-04 17:01:53 INFO  FDA_Automation_Script.FDA_Automation_Script.utils.LoggerUtility - Kibo shipment data poll attempt 14/20
2026-08-04 17:01:53 INFO  FDA_Automation_Script.FDA_Automation_Script.utils.LoggerUtility - ========== Get Shipments by Order ID ==========
2026-08-04 17:01:53 INFO  FDA_Automation_Script.FDA_Automation_Script.utils.LoggerUtility - Calling Kibo Get Shipments API: https://t1000490-s1000992.sb.usc1.gcp.kibocommerce.com/api/commerce/shipments filter=orderId==1b7229bd1bab2700014d7bb0000f442a
2026-08-04 17:01:53 INFO  FDA_Automation_Script.FDA_Automation_Script.utils.LoggerUtility - Get Shipments by OrderId Status : 200
2026-08-04 17:01:53 INFO  FDA_Automation_Script.FDA_Automation_Script.utils.LoggerUtility - Get Shipments by OrderId Body   : {"_embedded":{"shipments":[{"shipmentNumber":32242,"orderId":"1b7229bd1bab2700014d7bb0000f442a","orderNumber":28888,"orderSubmitDate":"2026-08-04T11:24:05.366Z","externalOrderId":"4000273592WEB","customerAccountId":1047,"tenantId":1000490,"siteId":1000992,"shipmentType":"STH","shipmentStatus":"READY","fulfillmentLocationCode":"2201","assignedLocationCode":"2201","workflowProcessId":"FDA_Custom_STH_WF_V1.0","workflowProcessContainerId":"KUPT.kibo-fulfillment-workflows-fda","shipmentAdjustment":0.0,"lineItemSubtotal":400.0,"lineItemTaxAdjustment":0.0,"lineItemTaxTotal":0.0,"lineItemTotal":400.0,"shippingAdjustment":0.0,"shippingSubtotal":0.0,"shippingTaxAdjustment":0.0,"shippingTaxTotal":0.0,"shippingTotal":0.0,"handlingAdjustment":0.0,"handlingSubtotal":0.0,"handlingTaxAdjustment":0.0,"handlingTaxTotal":0.0,"handlingTotal":0.0,"dutyAdjustment":0.0,"dutyTotal":0.0,"total":400.0,"currencyCode":"MXN","destination":{"destinationContact":{"address":{"address1":"Calles Loren","address2":"12","cityOrTown":"Ciudad de México","countryCode":"MX","isValidated":false,"postalOrZipCode":"03610","stateOrProvince":"Ciudad de México"},"email":"mgowda@kognivera.com","firstName":"Mithu","lastNameOrSurname":"Gowda","shortFullName":"Mithu Gowda","fullName":"Mithu Gowda","phoneNumbers":{"mobile":"7022499246"}},"isDestinationCommercial":false},"customer":{"customerContact":{"address":{"address1":"Calles Loren","address2":"12","cityOrTown":"Ciudad de México","countryCode":"MX","isValidated":false,"postalOrZipCode":"03610","stateOrProvince":"Ciudad de México"},"email":"mgowda@kognivera.com","firstName":"Mithu","lastNameOrSurname":"Gowda","shortFullName":"Mithu Gowda","fullName":"Mithu Gowda","phoneNumbers":{"mobile":"7022499246"}}},"shippingMethodCode":"FDA Flat Rate","items":[{"attributes":{"Capacity":0,"Count":0},"lineId":1,"originalOrderItemId":"314073284a6d48198878b49c00bbc7f8","goodsType":"Physical","productCode":"78078094202","quantity":1,"transferQuantity":0,"imageUrl":"https://staging-media.fahorro.com/media/catalog/product/8/1/81a8ed61a45982c4.jpg?optimize=medium&fit=bounds&height=&width=","name":"Diamond Eye Combo Pack Monthly Color Contact Lenses113","upc":"78078094202","allowsBackOrder":false,"unitPrice":400.0,"isTaxable":false,"actualPrice":400.0,"itemDiscount":0.0,"lineItemCost":400.0,"itemTax":0.0,"shipping":0.0,"shippingDiscount":0.0,"shippingTax":0.0,"handling":0.0,"handlingDiscount":0.0,"handlingTax":0.0,"duty":0.0,"weightedShipmentAdjustment":0.0,"weightedLineItemTaxAdjustment":0.0,"weightedShippingAdjustment":0.0,"weightedShippingTaxAdjustment":0.0,"weightedHandlingAdjustment":0.0,"weightedHandlingTaxAdjustment":0.0,"weightedDutyAdjustment":0.0,"weightedOrderHandlingFee":0.0,"weightedOrderHandlingFeeTax":0.0,"weightedOrderHandlingFeeDiscount":0.0,"taxableShipping":0.0,"taxableLineItemCost":400.0,"taxableHandling":0.0,"data":{"edd":"2026-08-07T00:02:00Z","backOrder":"false","deliveryType":"FBO","fulfillmentLocationCode":"2201"},"auditInfo":{"updateDate":"2026-08-04T11:24:06Z","createDate":"2026-08-04T11:24:05Z","updateBy":"2CC1D66690B6427698BA2D374AEBC96D","createBy":"2CC1D66690B6427698BA2D374AEBC96D"},"options":[],"manageStock":true,"creditValue":400.0,"isAssemblyRequired":false,"allowsFutureAllocate":false,"isReservedInventory":false,"originalQuantity":1,"priceMode":"Internal"}],"canceledItems":[],"reassignedItems":[],"rejectedItems":[],"transferredItems":[],"packages":[],"workflowState":{"shipmentState":"ACCEPTED_SHIPMENT","taskList":[{"name":"Accept Shipment","subject":"","inputs":[{"name":"shipmentAccepted","type":"BOOLEAN"}],"active":false,"completed":true,"completedDate":"2026-08-04T11:25:05.746Z","activeDate":"2026-08-04T11:24:05.974Z","completedDurationMillis":59772,"_links":{}},{"taskId":"493890","name":"Validate Items In Stock","subject":"","description":"Validate stock","skippable":true,"inputs":[{"name":"createTransfer","type":"BOOLEAN"},{"name":"stockLevel","type":"STRING"}],"active":true,"completed":false,"activeDate":"2026-08-04T11:25:05.761Z","_links":{"skip":{"href":"https://t1000490-s1000992.sb.usc1.gcp.kibocommerce.com/api/commerce/shipments/32242/tasks/Validate%20Items%20In%20Stock/skipped","method":"PUT"},"execute":{"href":"https://t1000490-s1000992.sb.usc1.gcp.kibocommerce.com/api/commerce/shipments/32242/tasks/Validate%20Items%20In%20Stock/completed","method":"PUT"}}},{"name":"Wait for Transfer","subject":"Wait for Transfer","inputs":[],"active":false,"completed":false,"_links":{}},{"name":"Print Packing Slip","subject":"","inputs":[{"name":"back","type":"BOOLEAN"}],"active":false,"completed":false,"_links":{}},{"name":"Prepare for Shipment","subject":"","inputs":[{"name":"canceled","type":"BOOLEAN"},{"name":"back","type":"BOOLEAN"}],"active":false,"completed":false,"_links":{}},{"name":"Dispatched","subject":"","inputs":[],"active":false,"completed":false,"_links":{}}],"activeTaskName":"Validate Items In Stock","processInstanceId":"317217","auditInfo":{"updateDate":"2026-08-04T11:25:16Z","createDate":"2026-08-04T11:24:05Z","updateBy":"12d4e2ea75c349da8145d2f661ebddae","createBy":"2CC1D66690B6427698BA2D374AEBC96D"},"variables":{"initiator":{"name":"initiator","oldValue":"","value":"wbadmin","updateDate":"2026-08-04T11:24:05Z"},"currentState":{"name":"currentState","oldValue":"PRE_ACCEPT_SHIPMENT","value":"ACCEPTED_SHIPMENT","updateDate":"2026-08-04T11:25:05Z"},"shipmentAccepted":{"name":"shipmentAccepted","oldValue":"","value":"true","updateDate":"2026-08-04T11:25:05Z"}}},"changeMessages":[{"changeMessageId":"6a71cbd686c0165dcc378fcf","appId":"2CC1D66690B6427698BA2D374AEBC96D","appKey":"mozu.CommerceRuntimeOrderQueueService.2628.0.0.Release","createdDate":"2026-08-04T11:24:06.421Z","correlationId":"57ae3489c9d44690a9340c4be8da7c3b","message":"'workflowState.shipmentState' value changed from '' to 'PRE_ACCEPT_SHIPMENT'","oldValue":"null","newValue":"PRE_ACCEPT_SHIPMENT","subject":"shipmentState","userId":"2CC1D66690B6427698BA2D374AEBC96D"},{"changeMessageId":"6a71cbd686c0165dcc378fd0","appId":"2CC1D66690B6427698BA2D374AEBC96D","appKey":"mozu.CommerceRuntimeOrderQueueService.2628.0.0.Release","createdDate":"2026-08-04T11:24:06.421Z","correlationId":"57ae3489c9d44690a9340c4be8da7c3b","message":"'workflowState.activeTaskName' value changed from '' to 'Accept Shipment'","oldValue":"null","newValue":"Accept Shipment","subject":"activeTaskName","userId":"2CC1D66690B6427698BA2D374AEBC96D"},{"changeMessageId":"6a71cbd686c0165dcc378fd1","appId":"2CC1D66690B6427698BA2D374AEBC96D","appKey":"mozu.CommerceRuntimeOrderQueueService.2628.0.0.Release","createdDate":"2026-08-04T11:24:06.421Z","correlationId":"57ae3489c9d44690a9340c4be8da7c3b","message":"'shipmentStatus' value changed from '' to 'READY'","oldValue":"null","newValue":"READY","subject":"shipmentStatus","userId":"2CC1D66690B6427698BA2D374AEBC96D"},{"changeMessageId":"6a71cbd686c0165dcc378fd2","appId":"2CC1D66690B6427698BA2D374AEBC96D","appKey":"mozu.CommerceRuntimeOrderQueueService.2628.0.0.Release","createdDate":"2026-08-04T11:24:06.421Z","correlationId":"57ae3489c9d44690a9340c4be8da7c3b","message":"Shipment [32242] created","userId":"2CC1D66690B6427698BA2D374AEBC96D"},{"changeMessageId":"6a71cc11db3997534d805487","appId":"12d4e2ea75c349da8145d2f661ebddae","appKey":"ajykwpgx.API_Connector.1.0.0.Release","createdDate":"2026-08-04T11:25:05.963Z","correlationId":"001299e5b6d24971858ffc1a71040567","message":"'workflowState/variables/currentState.oldValue' value changed from '' to 'PRE_ACCEPT_SHIPMENT'","oldValue":"","newValue":"PRE_ACCEPT_SHIPMENT","subject":"oldValue","userId":"12d4e2ea75c349da8145d2f661ebddae"},{"changeMessageId":"6a71cc11db3997534d805488","appId":"12d4e2ea75c349da8145d2f661ebddae","appKey":"ajykwpgx.API_Connector.1.0.0.Release","createdDate":"2026-08-04T11:25:05.964Z","correlationId":"001299e5b6d24971858ffc1a71040567","message":"'workflowState/variables/currentState.value' value changed from 'PRE_ACCEPT_SHIPMENT' to 'ACCEPTED_SHIPMENT'","oldValue":"PRE_ACCEPT_SHIPMENT","newValue":"ACCEPTED_SHIPMENT","subject":"value","userId":"12d4e2ea75c349da8145d2f661ebddae"},{"changeMessageId":"6a71cc11db3997534d805489","appId":"12d4e2ea75c349da8145d2f661ebddae","appKey":"ajykwpgx.API_Connector.1.0.0.Release","createdDate":"2026-08-04T11:25:05.964Z","correlationId":"001299e5b6d24971858ffc1a71040567","message":"'workflowState/variables/currentState.updateDate' value changed from 'Tue Aug 04 11:24:05 UTC 2026' to 'Tue Aug 04 11:25:05 UTC 2026'","oldValue":"Tue Aug 04 11:24:05 UTC 2026","newValue":"Tue Aug 04 11:25:05 UTC 2026","subject":"updateDate","userId":"12d4e2ea75c349da8145d2f661ebddae"},{"changeMessageId":"6a71cc11db3997534d80548a","appId":"12d4e2ea75c349da8145d2f661ebddae","appKey":"ajykwpgx.API_Connector.1.0.0.Release","createdDate":"2026-08-04T11:25:05.964Z","correlationId":"001299e5b6d24971858ffc1a71040567","message":"'versionHash' value changed from '32452838' to '-419896078'","oldValue":"32452838","newValue":"-419896078","subject":"versionHash","userId":"12d4e2ea75c349da8145d2f661ebddae"},{"changeMessageId":"6a71cc11db3997534d80548b","appId":"12d4e2ea75c349da8145d2f661ebddae","appKey":"ajykwpgx.API_Connector.1.0.0.Release","createdDate":"2026-08-04T11:25:05.964Z","correlationId":"001299e5b6d24971858ffc1a71040567","message":"'lastModifiedDate' value changed from '2026-08-04T11:24:06.423Z' to '2026-08-04T11:25:05.957663Z'","oldValue":"2026-08-04T11:24:06.423Z","newValue":"2026-08-04T11:25:05.957663Z","subject":"lastModifiedDate","userId":"12d4e2ea75c349da8145d2f661ebddae"},{"changeMessageId":"6a71cc11db3997534d80548c","appId":"12d4e2ea75c349da8145d2f661ebddae","appKey":"ajykwpgx.API_Connector.1.0.0.Release","createdDate":"2026-08-04T11:25:05.964Z","correlationId":"001299e5b6d24971858ffc1a71040567","message":"'readyToCapture' value changed from 'false' to 'true'","oldValue":"false","newValue":"true","subject":"readyToCapture","userId":"12d4e2ea75c349da8145d2f661ebddae"},{"changeMessageId":"6a71cc11db3997534d80548d","appId":"12d4e2ea75c349da8145d2f661ebddae","appKey":"ajykwpgx.API_Connector.1.0.0.Release","createdDate":"2026-08-04T11:25:05.964Z","correlationId":"001299e5b6d24971858ffc1a71040567","message":"'workflowState.shipmentState' value changed from 'PRE_ACCEPT_SHIPMENT' to 'ACCEPTED_SHIPMENT'","oldValue":"PRE_ACCEPT_SHIPMENT","newValue":"ACCEPTED_SHIPMENT","subject":"shipmentState","userId":"12d4e2ea75c349da8145d2f661ebddae"},{"changeMessageId":"6a71cc11db3997534d80548e","appId":"12d4e2ea75c349da8145d2f661ebddae","appKey":"ajykwpgx.API_Connector.1.0.0.Release","createdDate":"2026-08-04T11:25:05.964Z","correlationId":"001299e5b6d24971858ffc1a71040567","message":"'workflowState.activeTaskName' value changed from 'Accept Shipment' to 'Validate Items In Stock'","oldValue":"Accept Shipment","newValue":"Validate Items In Stock","subject":"activeTaskName","userId":"12d4e2ea75c349da8145d2f661ebddae"},{"changeMessageId":"6a71cc11db3997534d80548f","appId":"12d4e2ea75c349da8145d2f661ebddae","appKey":"ajykwpgx.API_Connector.1.0.0.Release","createdDate":"2026-08-04T11:25:05.964Z","correlationId":"001299e5b6d24971858ffc1a71040567","message":"'workflowState.variables' map changes :\n  'shipmentAccepted' -> 'Shipment/6a71cbd586c0165dcc378f52#workflowState/variables/shipmentAccepted' added","subject":"variables","userId":"12d4e2ea75c349da8145d2f661ebddae"},{"changeMessageId":"6a71cc11db3997534d80549e","appId":"12d4e2ea75c349da8145d2f661ebddae","appKey":"ajykwpgx.API_Connector.1.0.0.Release","createdDate":"2026-08-04T11:25:05.975Z","correlationId":"001299e5b6d24971858ffc1a71040567","message":"'acceptedDate' value changed from '' to '2026-08-04T11:25:05.972686Z'","oldValue":"null","newValue":"2026-08-04T11:25:05.972686Z","subject":"acceptedDate","userId":"12d4e2ea75c349da8145d2f661ebddae"},{"changeMessageId":"6a71cc11db3997534d80549f","appId":"12d4e2ea75c349da8145d2f661ebddae","appKey":"ajykwpgx.API_Connector.1.0.0.Release","createdDate":"2026-08-04T11:25:05.976Z","correlationId":"001299e5b6d24971858ffc1a71040567","message":"'lastModifiedDate' value changed from '2026-08-04T11:25:05.966Z' to '2026-08-04T11:25:05.966633Z'","oldValue":"2026-08-04T11:25:05.966Z","newValue":"2026-08-04T11:25:05.966633Z","subject":"lastModifiedDate","userId":"12d4e2ea75c349da8145d2f661ebddae"},{"changeMessageId":"6a71cc1cdb3997534d806117","appId":"12d4e2ea75c349da8145d2f661ebddae","appKey":"ajykwpgx.API_Connector.1.0.0.Release","createdDate":"2026-08-04T11:25:16.004Z","correlationId":"478877b82996400cb43a89c8addef890","message":"'shipmentNotes' collection changes :\n  0. 'ShipmentNote/2026-08-04T05:25:15.776442082' added","subject":"shipmentNotes","userId":"12d4e2ea75c349da8145d2f661ebddae"}],"email":"mgowda@kognivera.com","acceptedDate":"2026-08-04T11:25:05.972Z","isExpress":false,"auditInfo":{"updateDate":"2026-08-04T11:25:16Z","createDate":"2026-08-04T11:24:05Z","updateBy":"12d4e2ea75c349da8145d2f661ebddae","createBy":"2CC1D66690B6427698BA2D374AEBC96D"},"readyToCapture":true,"isOptInForSms":false,"shopperNotes":{},"shipmentNotes":[{"noteId":"2026-08-04T05:25:15.776442082","noteText":"Create Shipment API returned status: Best Quotation Error: EnvioClick No Rates Found:Skydropx No Rates Found","username":"12d4e2ea75c349da8145d2f661ebddae","role":"Manager","auditInfo":{"updateDate":"2026-08-04T11:25:15Z","createDate":"2026-08-04T11:25:15Z","updateBy":"12d4e2ea75c349da8145d2f661ebddae","createBy":"12d4e2ea75c349da8145d2f661ebddae"}}],"isAutoAssigned":true,"isHistoricalImport":false,"substitutedItems":[],"orderType":"Online","workflowProcessVersion":"1.2518.0","isFlatRateShipping":true,"slas":[],"shipmentGroup":"group-2201-2026-08-07T00:02:00Z","groupId":"778a347050a2f94f89b76e0595437990","carrier":"FDA Flat Rate","shipmentAttributes":[],"_links":{"self":{"href":"https://t1000490-s1000992.sb.usc1.gcp.kibocommerce.com/api/commerce/shipments/32242"},"shipments":{"href":"https://t1000490-s1000992.sb.usc1.gcp.kibocommerce.com/api/commerce/shipments"},"tasks":{"href":"https://t1000490-s1000992.sb.usc1.gcp.kibocommerce.com/api/commerce/shipments/32242/tasks"},"workflowInstanceImage":{"href":"https://t1000490-s1000992.sb.usc1.gcp.kibocommerce.com/api/commerce/shipments/32242/workflow-instance-image"},"backorder":{"href":"https://t1000490-s1000992.sb.usc1.gcp.kibocommerce.com/api/commerce/shipments/32242/backordered","method":"POST"},"backorderItems":{"href":"https://t1000490-s1000992.sb.usc1.gcp.kibocommerce.com/api/commerce/shipments/32242/backorderedItems","method":"POST"},"reject":{"href":"https://t1000490-s1000992.sb.usc1.gcp.kibocommerce.com/api/commerce/shipments/32242/rejected","method":"PUT"},"rejectItems":{"href":"https://t1000490-s1000992.sb.usc1.gcp.kibocommerce.com/api/commerce/shipments/32242/rejectedItems","method":"PUT"},"cancel":{"href":"https://t1000490-s1000992.sb.usc1.gcp.kibocommerce.com/api/commerce/shipments/32242/canceled","method":"PUT"},"fulfill":{"href":"https://t1000490-s1000992.sb.usc1.gcp.kibocommerce.com/api/commerce/shipments/32242/fulfilled","method":"PUT"},"reassign":{"href":"https://t1000490-s1000992.sb.usc1.gcp.kibocommerce.com/api/commerce/shipments/32242/reassigned","method":"PUT"},"reassignItems":{"href":"https://t1000490-s1000992.sb.usc1.gcp.kibocommerce.com/api/commerce/shipments/32242/reassignedItems","method":"PUT"},"cancelItems":{"href":"https://t1000490-s1000992.sb.usc1.gcp.kibocommerce.com/api/commerce/shipments/32242/canceledItems","method":"PUT"}}}]},"_links":{"self":{"href":"https://t1000490-s1000992.sb.usc1.gcp.kibocommerce.com/api/commerce/shipments?filter=orderId%3D%3D1b7229bd1bab2700014d7bb0000f442a&page=0&pageSize=200"}},"page":{"size":200,"totalElements":1,"totalPages":1,"number":0}}
2026-08-04 17:01:53 INFO  FDA_Automation_Script.FDA_Automation_Script.utils.LoggerUtility - 3PL data not ready — deliveryPartner='', tplShipmentId=''. Waiting 30s...
2026-08-04 17:02:23 INFO  FDA_Automation_Script.FDA_Automation_Script.utils.LoggerUtility - Kibo shipment data poll attempt 15/20
2026-08-04 17:02:23 INFO  FDA_Automation_Script.FDA_Automation_Script.utils.LoggerUtility - ========== Get Shipments by Order ID ==========
2026-08-04 17:02:23 INFO  FDA_Automation_Script.FDA_Automation_Script.utils.LoggerUtility - Calling Kibo Get Shipments API: https://t1000490-s1000992.sb.usc1.gcp.kibocommerce.com/api/commerce/shipments filter=orderId==1b7229bd1bab2700014d7bb0000f442a
2026-08-04 17:02:23 INFO  FDA_Automation_Script.FDA_Automation_Script.utils.LoggerUtility - Get Shipments by OrderId Status : 200
2026-08-04 17:02:23 INFO  FDA_Automation_Script.FDA_Automation_Script.utils.LoggerUtility - Get Shipments by OrderId Body   : {"_embedded":{"shipments":[{"shipmentNumber":32242,"orderId":"1b7229bd1bab2700014d7bb0000f442a","orderNumber":28888,"orderSubmitDate":"2026-08-04T11:24:05.366Z","externalOrderId":"4000273592WEB","customerAccountId":1047,"tenantId":1000490,"siteId":1000992,"shipmentType":"STH","shipmentStatus":"READY","fulfillmentLocationCode":"2201","assignedLocationCode":"2201","workflowProcessId":"FDA_Custom_STH_WF_V1.0","workflowProcessContainerId":"KUPT.kibo-fulfillment-workflows-fda","shipmentAdjustment":0.0,"lineItemSubtotal":400.0,"lineItemTaxAdjustment":0.0,"lineItemTaxTotal":0.0,"lineItemTotal":400.0,"shippingAdjustment":0.0,"shippingSubtotal":0.0,"shippingTaxAdjustment":0.0,"shippingTaxTotal":0.0,"shippingTotal":0.0,"handlingAdjustment":0.0,"handlingSubtotal":0.0,"handlingTaxAdjustment":0.0,"handlingTaxTotal":0.0,"handlingTotal":0.0,"dutyAdjustment":0.0,"dutyTotal":0.0,"total":400.0,"currencyCode":"MXN","destination":{"destinationContact":{"address":{"address1":"Calles Loren","address2":"12","cityOrTown":"Ciudad de México","countryCode":"MX","isValidated":false,"postalOrZipCode":"03610","stateOrProvince":"Ciudad de México"},"email":"mgowda@kognivera.com","firstName":"Mithu","lastNameOrSurname":"Gowda","shortFullName":"Mithu Gowda","fullName":"Mithu Gowda","phoneNumbers":{"mobile":"7022499246"}},"isDestinationCommercial":false},"customer":{"customerContact":{"address":{"address1":"Calles Loren","address2":"12","cityOrTown":"Ciudad de México","countryCode":"MX","isValidated":false,"postalOrZipCode":"03610","stateOrProvince":"Ciudad de México"},"email":"mgowda@kognivera.com","firstName":"Mithu","lastNameOrSurname":"Gowda","shortFullName":"Mithu Gowda","fullName":"Mithu Gowda","phoneNumbers":{"mobile":"7022499246"}}},"shippingMethodCode":"FDA Flat Rate","items":[{"attributes":{"Capacity":0,"Count":0},"lineId":1,"originalOrderItemId":"314073284a6d48198878b49c00bbc7f8","goodsType":"Physical","productCode":"78078094202","quantity":1,"transferQuantity":0,"imageUrl":"https://staging-media.fahorro.com/media/catalog/product/8/1/81a8ed61a45982c4.jpg?optimize=medium&fit=bounds&height=&width=","name":"Diamond Eye Combo Pack Monthly Color Contact Lenses113","upc":"78078094202","allowsBackOrder":false,"unitPrice":400.0,"isTaxable":false,"actualPrice":400.0,"itemDiscount":0.0,"lineItemCost":400.0,"itemTax":0.0,"shipping":0.0,"shippingDiscount":0.0,"shippingTax":0.0,"handling":0.0,"handlingDiscount":0.0,"handlingTax":0.0,"duty":0.0,"weightedShipmentAdjustment":0.0,"weightedLineItemTaxAdjustment":0.0,"weightedShippingAdjustment":0.0,"weightedShippingTaxAdjustment":0.0,"weightedHandlingAdjustment":0.0,"weightedHandlingTaxAdjustment":0.0,"weightedDutyAdjustment":0.0,"weightedOrderHandlingFee":0.0,"weightedOrderHandlingFeeTax":0.0,"weightedOrderHandlingFeeDiscount":0.0,"taxableShipping":0.0,"taxableLineItemCost":400.0,"taxableHandling":0.0,"data":{"edd":"2026-08-07T00:02:00Z","backOrder":"false","deliveryType":"FBO","fulfillmentLocationCode":"2201"},"auditInfo":{"updateDate":"2026-08-04T11:24:06Z","createDate":"2026-08-04T11:24:05Z","updateBy":"2CC1D66690B6427698BA2D374AEBC96D","createBy":"2CC1D66690B6427698BA2D374AEBC96D"},"options":[],"manageStock":true,"creditValue":400.0,"isAssemblyRequired":false,"allowsFutureAllocate":false,"isReservedInventory":false,"originalQuantity":1,"priceMode":"Internal"}],"canceledItems":[],"reassignedItems":[],"rejectedItems":[],"transferredItems":[],"packages":[],"workflowState":{"shipmentState":"ACCEPTED_SHIPMENT","taskList":[{"name":"Accept Shipment","subject":"","inputs":[{"name":"shipmentAccepted","type":"BOOLEAN"}],"active":false,"completed":true,"completedDate":"2026-08-04T11:25:05.746Z","activeDate":"2026-08-04T11:24:05.974Z","completedDurationMillis":59772,"_links":{}},{"taskId":"493890","name":"Validate Items In Stock","subject":"","description":"Validate stock","skippable":true,"inputs":[{"name":"createTransfer","type":"BOOLEAN"},{"name":"stockLevel","type":"STRING"}],"active":true,"completed":false,"activeDate":"2026-08-04T11:25:05.761Z","_links":{"skip":{"href":"https://t1000490-s1000992.sb.usc1.gcp.kibocommerce.com/api/commerce/shipments/32242/tasks/Validate%20Items%20In%20Stock/skipped","method":"PUT"},"execute":{"href":"https://t1000490-s1000992.sb.usc1.gcp.kibocommerce.com/api/commerce/shipments/32242/tasks/Validate%20Items%20In%20Stock/completed","method":"PUT"}}},{"name":"Wait for Transfer","subject":"Wait for Transfer","inputs":[],"active":false,"completed":false,"_links":{}},{"name":"Print Packing Slip","subject":"","inputs":[{"name":"back","type":"BOOLEAN"}],"active":false,"completed":false,"_links":{}},{"name":"Prepare for Shipment","subject":"","inputs":[{"name":"canceled","type":"BOOLEAN"},{"name":"back","type":"BOOLEAN"}],"active":false,"completed":false,"_links":{}},{"name":"Dispatched","subject":"","inputs":[],"active":false,"completed":false,"_links":{}}],"activeTaskName":"Validate Items In Stock","processInstanceId":"317217","auditInfo":{"updateDate":"2026-08-04T11:25:16Z","createDate":"2026-08-04T11:24:05Z","updateBy":"12d4e2ea75c349da8145d2f661ebddae","createBy":"2CC1D66690B6427698BA2D374AEBC96D"},"variables":{"initiator":{"name":"initiator","oldValue":"","value":"wbadmin","updateDate":"2026-08-04T11:24:05Z"},"currentState":{"name":"currentState","oldValue":"PRE_ACCEPT_SHIPMENT","value":"ACCEPTED_SHIPMENT","updateDate":"2026-08-04T11:25:05Z"},"shipmentAccepted":{"name":"shipmentAccepted","oldValue":"","value":"true","updateDate":"2026-08-04T11:25:05Z"}}},"changeMessages":[{"changeMessageId":"6a71cbd686c0165dcc378fcf","appId":"2CC1D66690B6427698BA2D374AEBC96D","appKey":"mozu.CommerceRuntimeOrderQueueService.2628.0.0.Release","createdDate":"2026-08-04T11:24:06.421Z","correlationId":"57ae3489c9d44690a9340c4be8da7c3b","message":"'workflowState.shipmentState' value changed from '' to 'PRE_ACCEPT_SHIPMENT'","oldValue":"null","newValue":"PRE_ACCEPT_SHIPMENT","subject":"shipmentState","userId":"2CC1D66690B6427698BA2D374AEBC96D"},{"changeMessageId":"6a71cbd686c0165dcc378fd0","appId":"2CC1D66690B6427698BA2D374AEBC96D","appKey":"mozu.CommerceRuntimeOrderQueueService.2628.0.0.Release","createdDate":"2026-08-04T11:24:06.421Z","correlationId":"57ae3489c9d44690a9340c4be8da7c3b","message":"'workflowState.activeTaskName' value changed from '' to 'Accept Shipment'","oldValue":"null","newValue":"Accept Shipment","subject":"activeTaskName","userId":"2CC1D66690B6427698BA2D374AEBC96D"},{"changeMessageId":"6a71cbd686c0165dcc378fd1","appId":"2CC1D66690B6427698BA2D374AEBC96D","appKey":"mozu.CommerceRuntimeOrderQueueService.2628.0.0.Release","createdDate":"2026-08-04T11:24:06.421Z","correlationId":"57ae3489c9d44690a9340c4be8da7c3b","message":"'shipmentStatus' value changed from '' to 'READY'","oldValue":"null","newValue":"READY","subject":"shipmentStatus","userId":"2CC1D66690B6427698BA2D374AEBC96D"},{"changeMessageId":"6a71cbd686c0165dcc378fd2","appId":"2CC1D66690B6427698BA2D374AEBC96D","appKey":"mozu.CommerceRuntimeOrderQueueService.2628.0.0.Release","createdDate":"2026-08-04T11:24:06.421Z","correlationId":"57ae3489c9d44690a9340c4be8da7c3b","message":"Shipment [32242] created","userId":"2CC1D66690B6427698BA2D374AEBC96D"},{"changeMessageId":"6a71cc11db3997534d805487","appId":"12d4e2ea75c349da8145d2f661ebddae","appKey":"ajykwpgx.API_Connector.1.0.0.Release","createdDate":"2026-08-04T11:25:05.963Z","correlationId":"001299e5b6d24971858ffc1a71040567","message":"'workflowState/variables/currentState.oldValue' value changed from '' to 'PRE_ACCEPT_SHIPMENT'","oldValue":"","newValue":"PRE_ACCEPT_SHIPMENT","subject":"oldValue","userId":"12d4e2ea75c349da8145d2f661ebddae"},{"changeMessageId":"6a71cc11db3997534d805488","appId":"12d4e2ea75c349da8145d2f661ebddae","appKey":"ajykwpgx.API_Connector.1.0.0.Release","createdDate":"2026-08-04T11:25:05.964Z","correlationId":"001299e5b6d24971858ffc1a71040567","message":"'workflowState/variables/currentState.value' value changed from 'PRE_ACCEPT_SHIPMENT' to 'ACCEPTED_SHIPMENT'","oldValue":"PRE_ACCEPT_SHIPMENT","newValue":"ACCEPTED_SHIPMENT","subject":"value","userId":"12d4e2ea75c349da8145d2f661ebddae"},{"changeMessageId":"6a71cc11db3997534d805489","appId":"12d4e2ea75c349da8145d2f661ebddae","appKey":"ajykwpgx.API_Connector.1.0.0.Release","createdDate":"2026-08-04T11:25:05.964Z","correlationId":"001299e5b6d24971858ffc1a71040567","message":"'workflowState/variables/currentState.updateDate' value changed from 'Tue Aug 04 11:24:05 UTC 2026' to 'Tue Aug 04 11:25:05 UTC 2026'","oldValue":"Tue Aug 04 11:24:05 UTC 2026","newValue":"Tue Aug 04 11:25:05 UTC 2026","subject":"updateDate","userId":"12d4e2ea75c349da8145d2f661ebddae"},{"changeMessageId":"6a71cc11db3997534d80548a","appId":"12d4e2ea75c349da8145d2f661ebddae","appKey":"ajykwpgx.API_Connector.1.0.0.Release","createdDate":"2026-08-04T11:25:05.964Z","correlationId":"001299e5b6d24971858ffc1a71040567","message":"'versionHash' value changed from '32452838' to '-419896078'","oldValue":"32452838","newValue":"-419896078","subject":"versionHash","userId":"12d4e2ea75c349da8145d2f661ebddae"},{"changeMessageId":"6a71cc11db3997534d80548b","appId":"12d4e2ea75c349da8145d2f661ebddae","appKey":"ajykwpgx.API_Connector.1.0.0.Release","createdDate":"2026-08-04T11:25:05.964Z","correlationId":"001299e5b6d24971858ffc1a71040567","message":"'lastModifiedDate' value changed from '2026-08-04T11:24:06.423Z' to '2026-08-04T11:25:05.957663Z'","oldValue":"2026-08-04T11:24:06.423Z","newValue":"2026-08-04T11:25:05.957663Z","subject":"lastModifiedDate","userId":"12d4e2ea75c349da8145d2f661ebddae"},{"changeMessageId":"6a71cc11db3997534d80548c","appId":"12d4e2ea75c349da8145d2f661ebddae","appKey":"ajykwpgx.API_Connector.1.0.0.Release","createdDate":"2026-08-04T11:25:05.964Z","correlationId":"001299e5b6d24971858ffc1a71040567","message":"'readyToCapture' value changed from 'false' to 'true'","oldValue":"false","newValue":"true","subject":"readyToCapture","userId":"12d4e2ea75c349da8145d2f661ebddae"},{"changeMessageId":"6a71cc11db3997534d80548d","appId":"12d4e2ea75c349da8145d2f661ebddae","appKey":"ajykwpgx.API_Connector.1.0.0.Release","createdDate":"2026-08-04T11:25:05.964Z","correlationId":"001299e5b6d24971858ffc1a71040567","message":"'workflowState.shipmentState' value changed from 'PRE_ACCEPT_SHIPMENT' to 'ACCEPTED_SHIPMENT'","oldValue":"PRE_ACCEPT_SHIPMENT","newValue":"ACCEPTED_SHIPMENT","subject":"shipmentState","userId":"12d4e2ea75c349da8145d2f661ebddae"},{"changeMessageId":"6a71cc11db3997534d80548e","appId":"12d4e2ea75c349da8145d2f661ebddae","appKey":"ajykwpgx.API_Connector.1.0.0.Release","createdDate":"2026-08-04T11:25:05.964Z","correlationId":"001299e5b6d24971858ffc1a71040567","message":"'workflowState.activeTaskName' value changed from 'Accept Shipment' to 'Validate Items In Stock'","oldValue":"Accept Shipment","newValue":"Validate Items In Stock","subject":"activeTaskName","userId":"12d4e2ea75c349da8145d2f661ebddae"},{"changeMessageId":"6a71cc11db3997534d80548f","appId":"12d4e2ea75c349da8145d2f661ebddae","appKey":"ajykwpgx.API_Connector.1.0.0.Release","createdDate":"2026-08-04T11:25:05.964Z","correlationId":"001299e5b6d24971858ffc1a71040567","message":"'workflowState.variables' map changes :\n  'shipmentAccepted' -> 'Shipment/6a71cbd586c0165dcc378f52#workflowState/variables/shipmentAccepted' added","subject":"variables","userId":"12d4e2ea75c349da8145d2f661ebddae"},{"changeMessageId":"6a71cc11db3997534d80549e","appId":"12d4e2ea75c349da8145d2f661ebddae","appKey":"ajykwpgx.API_Connector.1.0.0.Release","createdDate":"2026-08-04T11:25:05.975Z","correlationId":"001299e5b6d24971858ffc1a71040567","message":"'acceptedDate' value changed from '' to '2026-08-04T11:25:05.972686Z'","oldValue":"null","newValue":"2026-08-04T11:25:05.972686Z","subject":"acceptedDate","userId":"12d4e2ea75c349da8145d2f661ebddae"},{"changeMessageId":"6a71cc11db3997534d80549f","appId":"12d4e2ea75c349da8145d2f661ebddae","appKey":"ajykwpgx.API_Connector.1.0.0.Release","createdDate":"2026-08-04T11:25:05.976Z","correlationId":"001299e5b6d24971858ffc1a71040567","message":"'lastModifiedDate' value changed from '2026-08-04T11:25:05.966Z' to '2026-08-04T11:25:05.966633Z'","oldValue":"2026-08-04T11:25:05.966Z","newValue":"2026-08-04T11:25:05.966633Z","subject":"lastModifiedDate","userId":"12d4e2ea75c349da8145d2f661ebddae"},{"changeMessageId":"6a71cc1cdb3997534d806117","appId":"12d4e2ea75c349da8145d2f661ebddae","appKey":"ajykwpgx.API_Connector.1.0.0.Release","createdDate":"2026-08-04T11:25:16.004Z","correlationId":"478877b82996400cb43a89c8addef890","message":"'shipmentNotes' collection changes :\n  0. 'ShipmentNote/2026-08-04T05:25:15.776442082' added","subject":"shipmentNotes","userId":"12d4e2ea75c349da8145d2f661ebddae"}],"email":"mgowda@kognivera.com","acceptedDate":"2026-08-04T11:25:05.972Z","isExpress":false,"auditInfo":{"updateDate":"2026-08-04T11:25:16Z","createDate":"2026-08-04T11:24:05Z","updateBy":"12d4e2ea75c349da8145d2f661ebddae","createBy":"2CC1D66690B6427698BA2D374AEBC96D"},"readyToCapture":true,"isOptInForSms":false,"shopperNotes":{},"shipmentNotes":[{"noteId":"2026-08-04T05:25:15.776442082","noteText":"Create Shipment API returned status: Best Quotation Error: EnvioClick No Rates Found:Skydropx No Rates Found","username":"12d4e2ea75c349da8145d2f661ebddae","role":"Manager","auditInfo":{"updateDate":"2026-08-04T11:25:15Z","createDate":"2026-08-04T11:25:15Z","updateBy":"12d4e2ea75c349da8145d2f661ebddae","createBy":"12d4e2ea75c349da8145d2f661ebddae"}}],"isAutoAssigned":true,"isHistoricalImport":false,"substitutedItems":[],"orderType":"Online","workflowProcessVersion":"1.2518.0","isFlatRateShipping":true,"slas":[],"shipmentGroup":"group-2201-2026-08-07T00:02:00Z","groupId":"778a347050a2f94f89b76e0595437990","carrier":"FDA Flat Rate","shipmentAttributes":[],"_links":{"self":{"href":"https://t1000490-s1000992.sb.usc1.gcp.kibocommerce.com/api/commerce/shipments/32242"},"shipments":{"href":"https://t1000490-s1000992.sb.usc1.gcp.kibocommerce.com/api/commerce/shipments"},"tasks":{"href":"https://t1000490-s1000992.sb.usc1.gcp.kibocommerce.com/api/commerce/shipments/32242/tasks"},"workflowInstanceImage":{"href":"https://t1000490-s1000992.sb.usc1.gcp.kibocommerce.com/api/commerce/shipments/32242/workflow-instance-image"},"backorder":{"href":"https://t1000490-s1000992.sb.usc1.gcp.kibocommerce.com/api/commerce/shipments/32242/backordered","method":"POST"},"backorderItems":{"href":"https://t1000490-s1000992.sb.usc1.gcp.kibocommerce.com/api/commerce/shipments/32242/backorderedItems","method":"POST"},"reject":{"href":"https://t1000490-s1000992.sb.usc1.gcp.kibocommerce.com/api/commerce/shipments/32242/rejected","method":"PUT"},"rejectItems":{"href":"https://t1000490-s1000992.sb.usc1.gcp.kibocommerce.com/api/commerce/shipments/32242/rejectedItems","method":"PUT"},"cancel":{"href":"https://t1000490-s1000992.sb.usc1.gcp.kibocommerce.com/api/commerce/shipments/32242/canceled","method":"PUT"},"fulfill":{"href":"https://t1000490-s1000992.sb.usc1.gcp.kibocommerce.com/api/commerce/shipments/32242/fulfilled","method":"PUT"},"reassign":{"href":"https://t1000490-s1000992.sb.usc1.gcp.kibocommerce.com/api/commerce/shipments/32242/reassigned","method":"PUT"},"reassignItems":{"href":"https://t1000490-s1000992.sb.usc1.gcp.kibocommerce.com/api/commerce/shipments/32242/reassignedItems","method":"PUT"},"cancelItems":{"href":"https://t1000490-s1000992.sb.usc1.gcp.kibocommerce.com/api/commerce/shipments/32242/canceledItems","method":"PUT"}}}]},"_links":{"self":{"href":"https://t1000490-s1000992.sb.usc1.gcp.kibocommerce.com/api/commerce/shipments?filter=orderId%3D%3D1b7229bd1bab2700014d7bb0000f442a&page=0&pageSize=200"}},"page":{"size":200,"totalElements":1,"totalPages":1,"number":0}}
2026-08-04 17:02:24 INFO  FDA_Automation_Script.FDA_Automation_Script.utils.LoggerUtility - 3PL data not ready — deliveryPartner='', tplShipmentId=''. Waiting 30s...
2026-08-04 17:02:54 INFO  FDA_Automation_Script.FDA_Automation_Script.utils.LoggerUtility - Kibo shipment data poll attempt 16/20
2026-08-04 17:02:54 INFO  FDA_Automation_Script.FDA_Automation_Script.utils.LoggerUtility - ========== Get Shipments by Order ID ==========
2026-08-04 17:02:54 INFO  FDA_Automation_Script.FDA_Automation_Script.utils.LoggerUtility - Calling Kibo Get Shipments API: https://t1000490-s1000992.sb.usc1.gcp.kibocommerce.com/api/commerce/shipments filter=orderId==1b7229bd1bab2700014d7bb0000f442a
2026-08-04 17:02:54 INFO  FDA_Automation_Script.FDA_Automation_Script.utils.LoggerUtility - Get Shipments by OrderId Status : 200
2026-08-04 17:02:54 INFO  FDA_Automation_Script.FDA_Automation_Script.utils.LoggerUtility - Get Shipments by OrderId Body   : {"_embedded":{"shipments":[{"shipmentNumber":32242,"orderId":"1b7229bd1bab2700014d7bb0000f442a","orderNumber":28888,"orderSubmitDate":"2026-08-04T11:24:05.366Z","externalOrderId":"4000273592WEB","customerAccountId":1047,"tenantId":1000490,"siteId":1000992,"shipmentType":"STH","shipmentStatus":"READY","fulfillmentLocationCode":"2201","assignedLocationCode":"2201","workflowProcessId":"FDA_Custom_STH_WF_V1.0","workflowProcessContainerId":"KUPT.kibo-fulfillment-workflows-fda","shipmentAdjustment":0.0,"lineItemSubtotal":400.0,"lineItemTaxAdjustment":0.0,"lineItemTaxTotal":0.0,"lineItemTotal":400.0,"shippingAdjustment":0.0,"shippingSubtotal":0.0,"shippingTaxAdjustment":0.0,"shippingTaxTotal":0.0,"shippingTotal":0.0,"handlingAdjustment":0.0,"handlingSubtotal":0.0,"handlingTaxAdjustment":0.0,"handlingTaxTotal":0.0,"handlingTotal":0.0,"dutyAdjustment":0.0,"dutyTotal":0.0,"total":400.0,"currencyCode":"MXN","destination":{"destinationContact":{"address":{"address1":"Calles Loren","address2":"12","cityOrTown":"Ciudad de México","countryCode":"MX","isValidated":false,"postalOrZipCode":"03610","stateOrProvince":"Ciudad de México"},"email":"mgowda@kognivera.com","firstName":"Mithu","lastNameOrSurname":"Gowda","shortFullName":"Mithu Gowda","fullName":"Mithu Gowda","phoneNumbers":{"mobile":"7022499246"}},"isDestinationCommercial":false},"customer":{"customerContact":{"address":{"address1":"Calles Loren","address2":"12","cityOrTown":"Ciudad de México","countryCode":"MX","isValidated":false,"postalOrZipCode":"03610","stateOrProvince":"Ciudad de México"},"email":"mgowda@kognivera.com","firstName":"Mithu","lastNameOrSurname":"Gowda","shortFullName":"Mithu Gowda","fullName":"Mithu Gowda","phoneNumbers":{"mobile":"7022499246"}}},"shippingMethodCode":"FDA Flat Rate","items":[{"attributes":{"Capacity":0,"Count":0},"lineId":1,"originalOrderItemId":"314073284a6d48198878b49c00bbc7f8","goodsType":"Physical","productCode":"78078094202","quantity":1,"transferQuantity":0,"imageUrl":"https://staging-media.fahorro.com/media/catalog/product/8/1/81a8ed61a45982c4.jpg?optimize=medium&fit=bounds&height=&width=","name":"Diamond Eye Combo Pack Monthly Color Contact Lenses113","upc":"78078094202","allowsBackOrder":false,"unitPrice":400.0,"isTaxable":false,"actualPrice":400.0,"itemDiscount":0.0,"lineItemCost":400.0,"itemTax":0.0,"shipping":0.0,"shippingDiscount":0.0,"shippingTax":0.0,"handling":0.0,"handlingDiscount":0.0,"handlingTax":0.0,"duty":0.0,"weightedShipmentAdjustment":0.0,"weightedLineItemTaxAdjustment":0.0,"weightedShippingAdjustment":0.0,"weightedShippingTaxAdjustment":0.0,"weightedHandlingAdjustment":0.0,"weightedHandlingTaxAdjustment":0.0,"weightedDutyAdjustment":0.0,"weightedOrderHandlingFee":0.0,"weightedOrderHandlingFeeTax":0.0,"weightedOrderHandlingFeeDiscount":0.0,"taxableShipping":0.0,"taxableLineItemCost":400.0,"taxableHandling":0.0,"data":{"edd":"2026-08-07T00:02:00Z","backOrder":"false","deliveryType":"FBO","fulfillmentLocationCode":"2201"},"auditInfo":{"updateDate":"2026-08-04T11:24:06Z","createDate":"2026-08-04T11:24:05Z","updateBy":"2CC1D66690B6427698BA2D374AEBC96D","createBy":"2CC1D66690B6427698BA2D374AEBC96D"},"options":[],"manageStock":true,"creditValue":400.0,"isAssemblyRequired":false,"allowsFutureAllocate":false,"isReservedInventory":false,"originalQuantity":1,"priceMode":"Internal"}],"canceledItems":[],"reassignedItems":[],"rejectedItems":[],"transferredItems":[],"packages":[],"workflowState":{"shipmentState":"ACCEPTED_SHIPMENT","taskList":[{"name":"Accept Shipment","subject":"","inputs":[{"name":"shipmentAccepted","type":"BOOLEAN"}],"active":false,"completed":true,"completedDate":"2026-08-04T11:25:05.746Z","activeDate":"2026-08-04T11:24:05.974Z","completedDurationMillis":59772,"_links":{}},{"taskId":"493890","name":"Validate Items In Stock","subject":"","description":"Validate stock","skippable":true,"inputs":[{"name":"createTransfer","type":"BOOLEAN"},{"name":"stockLevel","type":"STRING"}],"active":true,"completed":false,"activeDate":"2026-08-04T11:25:05.761Z","_links":{"skip":{"href":"https://t1000490-s1000992.sb.usc1.gcp.kibocommerce.com/api/commerce/shipments/32242/tasks/Validate%20Items%20In%20Stock/skipped","method":"PUT"},"execute":{"href":"https://t1000490-s1000992.sb.usc1.gcp.kibocommerce.com/api/commerce/shipments/32242/tasks/Validate%20Items%20In%20Stock/completed","method":"PUT"}}},{"name":"Wait for Transfer","subject":"Wait for Transfer","inputs":[],"active":false,"completed":false,"_links":{}},{"name":"Print Packing Slip","subject":"","inputs":[{"name":"back","type":"BOOLEAN"}],"active":false,"completed":false,"_links":{}},{"name":"Prepare for Shipment","subject":"","inputs":[{"name":"canceled","type":"BOOLEAN"},{"name":"back","type":"BOOLEAN"}],"active":false,"completed":false,"_links":{}},{"name":"Dispatched","subject":"","inputs":[],"active":false,"completed":false,"_links":{}}],"activeTaskName":"Validate Items In Stock","processInstanceId":"317217","auditInfo":{"updateDate":"2026-08-04T11:25:16Z","createDate":"2026-08-04T11:24:05Z","updateBy":"12d4e2ea75c349da8145d2f661ebddae","createBy":"2CC1D66690B6427698BA2D374AEBC96D"},"variables":{"initiator":{"name":"initiator","oldValue":"","value":"wbadmin","updateDate":"2026-08-04T11:24:05Z"},"currentState":{"name":"currentState","oldValue":"PRE_ACCEPT_SHIPMENT","value":"ACCEPTED_SHIPMENT","updateDate":"2026-08-04T11:25:05Z"},"shipmentAccepted":{"name":"shipmentAccepted","oldValue":"","value":"true","updateDate":"2026-08-04T11:25:05Z"}}},"changeMessages":[{"changeMessageId":"6a71cbd686c0165dcc378fcf","appId":"2CC1D66690B6427698BA2D374AEBC96D","appKey":"mozu.CommerceRuntimeOrderQueueService.2628.0.0.Release","createdDate":"2026-08-04T11:24:06.421Z","correlationId":"57ae3489c9d44690a9340c4be8da7c3b","message":"'workflowState.shipmentState' value changed from '' to 'PRE_ACCEPT_SHIPMENT'","oldValue":"null","newValue":"PRE_ACCEPT_SHIPMENT","subject":"shipmentState","userId":"2CC1D66690B6427698BA2D374AEBC96D"},{"changeMessageId":"6a71cbd686c0165dcc378fd0","appId":"2CC1D66690B6427698BA2D374AEBC96D","appKey":"mozu.CommerceRuntimeOrderQueueService.2628.0.0.Release","createdDate":"2026-08-04T11:24:06.421Z","correlationId":"57ae3489c9d44690a9340c4be8da7c3b","message":"'workflowState.activeTaskName' value changed from '' to 'Accept Shipment'","oldValue":"null","newValue":"Accept Shipment","subject":"activeTaskName","userId":"2CC1D66690B6427698BA2D374AEBC96D"},{"changeMessageId":"6a71cbd686c0165dcc378fd1","appId":"2CC1D66690B6427698BA2D374AEBC96D","appKey":"mozu.CommerceRuntimeOrderQueueService.2628.0.0.Release","createdDate":"2026-08-04T11:24:06.421Z","correlationId":"57ae3489c9d44690a9340c4be8da7c3b","message":"'shipmentStatus' value changed from '' to 'READY'","oldValue":"null","newValue":"READY","subject":"shipmentStatus","userId":"2CC1D66690B6427698BA2D374AEBC96D"},{"changeMessageId":"6a71cbd686c0165dcc378fd2","appId":"2CC1D66690B6427698BA2D374AEBC96D","appKey":"mozu.CommerceRuntimeOrderQueueService.2628.0.0.Release","createdDate":"2026-08-04T11:24:06.421Z","correlationId":"57ae3489c9d44690a9340c4be8da7c3b","message":"Shipment [32242] created","userId":"2CC1D66690B6427698BA2D374AEBC96D"},{"changeMessageId":"6a71cc11db3997534d805487","appId":"12d4e2ea75c349da8145d2f661ebddae","appKey":"ajykwpgx.API_Connector.1.0.0.Release","createdDate":"2026-08-04T11:25:05.963Z","correlationId":"001299e5b6d24971858ffc1a71040567","message":"'workflowState/variables/currentState.oldValue' value changed from '' to 'PRE_ACCEPT_SHIPMENT'","oldValue":"","newValue":"PRE_ACCEPT_SHIPMENT","subject":"oldValue","userId":"12d4e2ea75c349da8145d2f661ebddae"},{"changeMessageId":"6a71cc11db3997534d805488","appId":"12d4e2ea75c349da8145d2f661ebddae","appKey":"ajykwpgx.API_Connector.1.0.0.Release","createdDate":"2026-08-04T11:25:05.964Z","correlationId":"001299e5b6d24971858ffc1a71040567","message":"'workflowState/variables/currentState.value' value changed from 'PRE_ACCEPT_SHIPMENT' to 'ACCEPTED_SHIPMENT'","oldValue":"PRE_ACCEPT_SHIPMENT","newValue":"ACCEPTED_SHIPMENT","subject":"value","userId":"12d4e2ea75c349da8145d2f661ebddae"},{"changeMessageId":"6a71cc11db3997534d805489","appId":"12d4e2ea75c349da8145d2f661ebddae","appKey":"ajykwpgx.API_Connector.1.0.0.Release","createdDate":"2026-08-04T11:25:05.964Z","correlationId":"001299e5b6d24971858ffc1a71040567","message":"'workflowState/variables/currentState.updateDate' value changed from 'Tue Aug 04 11:24:05 UTC 2026' to 'Tue Aug 04 11:25:05 UTC 2026'","oldValue":"Tue Aug 04 11:24:05 UTC 2026","newValue":"Tue Aug 04 11:25:05 UTC 2026","subject":"updateDate","userId":"12d4e2ea75c349da8145d2f661ebddae"},{"changeMessageId":"6a71cc11db3997534d80548a","appId":"12d4e2ea75c349da8145d2f661ebddae","appKey":"ajykwpgx.API_Connector.1.0.0.Release","createdDate":"2026-08-04T11:25:05.964Z","correlationId":"001299e5b6d24971858ffc1a71040567","message":"'versionHash' value changed from '32452838' to '-419896078'","oldValue":"32452838","newValue":"-419896078","subject":"versionHash","userId":"12d4e2ea75c349da8145d2f661ebddae"},{"changeMessageId":"6a71cc11db3997534d80548b","appId":"12d4e2ea75c349da8145d2f661ebddae","appKey":"ajykwpgx.API_Connector.1.0.0.Release","createdDate":"2026-08-04T11:25:05.964Z","correlationId":"001299e5b6d24971858ffc1a71040567","message":"'lastModifiedDate' value changed from '2026-08-04T11:24:06.423Z' to '2026-08-04T11:25:05.957663Z'","oldValue":"2026-08-04T11:24:06.423Z","newValue":"2026-08-04T11:25:05.957663Z","subject":"lastModifiedDate","userId":"12d4e2ea75c349da8145d2f661ebddae"},{"changeMessageId":"6a71cc11db3997534d80548c","appId":"12d4e2ea75c349da8145d2f661ebddae","appKey":"ajykwpgx.API_Connector.1.0.0.Release","createdDate":"2026-08-04T11:25:05.964Z","correlationId":"001299e5b6d24971858ffc1a71040567","message":"'readyToCapture' value changed from 'false' to 'true'","oldValue":"false","newValue":"true","subject":"readyToCapture","userId":"12d4e2ea75c349da8145d2f661ebddae"},{"changeMessageId":"6a71cc11db3997534d80548d","appId":"12d4e2ea75c349da8145d2f661ebddae","appKey":"ajykwpgx.API_Connector.1.0.0.Release","createdDate":"2026-08-04T11:25:05.964Z","correlationId":"001299e5b6d24971858ffc1a71040567","message":"'workflowState.shipmentState' value changed from 'PRE_ACCEPT_SHIPMENT' to 'ACCEPTED_SHIPMENT'","oldValue":"PRE_ACCEPT_SHIPMENT","newValue":"ACCEPTED_SHIPMENT","subject":"shipmentState","userId":"12d4e2ea75c349da8145d2f661ebddae"},{"changeMessageId":"6a71cc11db3997534d80548e","appId":"12d4e2ea75c349da8145d2f661ebddae","appKey":"ajykwpgx.API_Connector.1.0.0.Release","createdDate":"2026-08-04T11:25:05.964Z","correlationId":"001299e5b6d24971858ffc1a71040567","message":"'workflowState.activeTaskName' value changed from 'Accept Shipment' to 'Validate Items In Stock'","oldValue":"Accept Shipment","newValue":"Validate Items In Stock","subject":"activeTaskName","userId":"12d4e2ea75c349da8145d2f661ebddae"},{"changeMessageId":"6a71cc11db3997534d80548f","appId":"12d4e2ea75c349da8145d2f661ebddae","appKey":"ajykwpgx.API_Connector.1.0.0.Release","createdDate":"2026-08-04T11:25:05.964Z","correlationId":"001299e5b6d24971858ffc1a71040567","message":"'workflowState.variables' map changes :\n  'shipmentAccepted' -> 'Shipment/6a71cbd586c0165dcc378f52#workflowState/variables/shipmentAccepted' added","subject":"variables","userId":"12d4e2ea75c349da8145d2f661ebddae"},{"changeMessageId":"6a71cc11db3997534d80549e","appId":"12d4e2ea75c349da8145d2f661ebddae","appKey":"ajykwpgx.API_Connector.1.0.0.Release","createdDate":"2026-08-04T11:25:05.975Z","correlationId":"001299e5b6d24971858ffc1a71040567","message":"'acceptedDate' value changed from '' to '2026-08-04T11:25:05.972686Z'","oldValue":"null","newValue":"2026-08-04T11:25:05.972686Z","subject":"acceptedDate","userId":"12d4e2ea75c349da8145d2f661ebddae"},{"changeMessageId":"6a71cc11db3997534d80549f","appId":"12d4e2ea75c349da8145d2f661ebddae","appKey":"ajykwpgx.API_Connector.1.0.0.Release","createdDate":"2026-08-04T11:25:05.976Z","correlationId":"001299e5b6d24971858ffc1a71040567","message":"'lastModifiedDate' value changed from '2026-08-04T11:25:05.966Z' to '2026-08-04T11:25:05.966633Z'","oldValue":"2026-08-04T11:25:05.966Z","newValue":"2026-08-04T11:25:05.966633Z","subject":"lastModifiedDate","userId":"12d4e2ea75c349da8145d2f661ebddae"},{"changeMessageId":"6a71cc1cdb3997534d806117","appId":"12d4e2ea75c349da8145d2f661ebddae","appKey":"ajykwpgx.API_Connector.1.0.0.Release","createdDate":"2026-08-04T11:25:16.004Z","correlationId":"478877b82996400cb43a89c8addef890","message":"'shipmentNotes' collection changes :\n  0. 'ShipmentNote/2026-08-04T05:25:15.776442082' added","subject":"shipmentNotes","userId":"12d4e2ea75c349da8145d2f661ebddae"}],"email":"mgowda@kognivera.com","acceptedDate":"2026-08-04T11:25:05.972Z","isExpress":false,"auditInfo":{"updateDate":"2026-08-04T11:25:16Z","createDate":"2026-08-04T11:24:05Z","updateBy":"12d4e2ea75c349da8145d2f661ebddae","createBy":"2CC1D66690B6427698BA2D374AEBC96D"},"readyToCapture":true,"isOptInForSms":false,"shopperNotes":{},"shipmentNotes":[{"noteId":"2026-08-04T05:25:15.776442082","noteText":"Create Shipment API returned status: Best Quotation Error: EnvioClick No Rates Found:Skydropx No Rates Found","username":"12d4e2ea75c349da8145d2f661ebddae","role":"Manager","auditInfo":{"updateDate":"2026-08-04T11:25:15Z","createDate":"2026-08-04T11:25:15Z","updateBy":"12d4e2ea75c349da8145d2f661ebddae","createBy":"12d4e2ea75c349da8145d2f661ebddae"}}],"isAutoAssigned":true,"isHistoricalImport":false,"substitutedItems":[],"orderType":"Online","workflowProcessVersion":"1.2518.0","isFlatRateShipping":true,"slas":[],"shipmentGroup":"group-2201-2026-08-07T00:02:00Z","groupId":"778a347050a2f94f89b76e0595437990","carrier":"FDA Flat Rate","shipmentAttributes":[],"_links":{"self":{"href":"https://t1000490-s1000992.sb.usc1.gcp.kibocommerce.com/api/commerce/shipments/32242"},"shipments":{"href":"https://t1000490-s1000992.sb.usc1.gcp.kibocommerce.com/api/commerce/shipments"},"tasks":{"href":"https://t1000490-s1000992.sb.usc1.gcp.kibocommerce.com/api/commerce/shipments/32242/tasks"},"workflowInstanceImage":{"href":"https://t1000490-s1000992.sb.usc1.gcp.kibocommerce.com/api/commerce/shipments/32242/workflow-instance-image"},"backorder":{"href":"https://t1000490-s1000992.sb.usc1.gcp.kibocommerce.com/api/commerce/shipments/32242/backordered","method":"POST"},"backorderItems":{"href":"https://t1000490-s1000992.sb.usc1.gcp.kibocommerce.com/api/commerce/shipments/32242/backorderedItems","method":"POST"},"reject":{"href":"https://t1000490-s1000992.sb.usc1.gcp.kibocommerce.com/api/commerce/shipments/32242/rejected","method":"PUT"},"rejectItems":{"href":"https://t1000490-s1000992.sb.usc1.gcp.kibocommerce.com/api/commerce/shipments/32242/rejectedItems","method":"PUT"},"cancel":{"href":"https://t1000490-s1000992.sb.usc1.gcp.kibocommerce.com/api/commerce/shipments/32242/canceled","method":"PUT"},"fulfill":{"href":"https://t1000490-s1000992.sb.usc1.gcp.kibocommerce.com/api/commerce/shipments/32242/fulfilled","method":"PUT"},"reassign":{"href":"https://t1000490-s1000992.sb.usc1.gcp.kibocommerce.com/api/commerce/shipments/32242/reassigned","method":"PUT"},"reassignItems":{"href":"https://t1000490-s1000992.sb.usc1.gcp.kibocommerce.com/api/commerce/shipments/32242/reassignedItems","method":"PUT"},"cancelItems":{"href":"https://t1000490-s1000992.sb.usc1.gcp.kibocommerce.com/api/commerce/shipments/32242/canceledItems","method":"PUT"}}}]},"_links":{"self":{"href":"https://t1000490-s1000992.sb.usc1.gcp.kibocommerce.com/api/commerce/shipments?filter=orderId%3D%3D1b7229bd1bab2700014d7bb0000f442a&page=0&pageSize=200"}},"page":{"size":200,"totalElements":1,"totalPages":1,"number":0}}
2026-08-04 17:02:54 INFO  FDA_Automation_Script.FDA_Automation_Script.utils.LoggerUtility - 3PL data not ready — deliveryPartner='', tplShipmentId=''. Waiting 30s...
2026-08-04 17:03:24 INFO  FDA_Automation_Script.FDA_Automation_Script.utils.LoggerUtility - Kibo shipment data poll attempt 17/20
2026-08-04 17:03:24 INFO  FDA_Automation_Script.FDA_Automation_Script.utils.LoggerUtility - ========== Get Shipments by Order ID ==========
2026-08-04 17:03:24 INFO  FDA_Automation_Script.FDA_Automation_Script.utils.LoggerUtility - Calling Kibo Get Shipments API: https://t1000490-s1000992.sb.usc1.gcp.kibocommerce.com/api/commerce/shipments filter=orderId==1b7229bd1bab2700014d7bb0000f442a
2026-08-04 17:03:25 INFO  FDA_Automation_Script.FDA_Automation_Script.utils.LoggerUtility - Get Shipments by OrderId Status : 200
2026-08-04 17:03:25 INFO  FDA_Automation_Script.FDA_Automation_Script.utils.LoggerUtility - Get Shipments by OrderId Body   : {"_embedded":{"shipments":[{"shipmentNumber":32242,"orderId":"1b7229bd1bab2700014d7bb0000f442a","orderNumber":28888,"orderSubmitDate":"2026-08-04T11:24:05.366Z","externalOrderId":"4000273592WEB","customerAccountId":1047,"tenantId":1000490,"siteId":1000992,"shipmentType":"STH","shipmentStatus":"READY","fulfillmentLocationCode":"2201","assignedLocationCode":"2201","workflowProcessId":"FDA_Custom_STH_WF_V1.0","workflowProcessContainerId":"KUPT.kibo-fulfillment-workflows-fda","shipmentAdjustment":0.0,"lineItemSubtotal":400.0,"lineItemTaxAdjustment":0.0,"lineItemTaxTotal":0.0,"lineItemTotal":400.0,"shippingAdjustment":0.0,"shippingSubtotal":0.0,"shippingTaxAdjustment":0.0,"shippingTaxTotal":0.0,"shippingTotal":0.0,"handlingAdjustment":0.0,"handlingSubtotal":0.0,"handlingTaxAdjustment":0.0,"handlingTaxTotal":0.0,"handlingTotal":0.0,"dutyAdjustment":0.0,"dutyTotal":0.0,"total":400.0,"currencyCode":"MXN","destination":{"destinationContact":{"address":{"address1":"Calles Loren","address2":"12","cityOrTown":"Ciudad de México","countryCode":"MX","isValidated":false,"postalOrZipCode":"03610","stateOrProvince":"Ciudad de México"},"email":"mgowda@kognivera.com","firstName":"Mithu","lastNameOrSurname":"Gowda","shortFullName":"Mithu Gowda","fullName":"Mithu Gowda","phoneNumbers":{"mobile":"7022499246"}},"isDestinationCommercial":false},"customer":{"customerContact":{"address":{"address1":"Calles Loren","address2":"12","cityOrTown":"Ciudad de México","countryCode":"MX","isValidated":false,"postalOrZipCode":"03610","stateOrProvince":"Ciudad de México"},"email":"mgowda@kognivera.com","firstName":"Mithu","lastNameOrSurname":"Gowda","shortFullName":"Mithu Gowda","fullName":"Mithu Gowda","phoneNumbers":{"mobile":"7022499246"}}},"shippingMethodCode":"FDA Flat Rate","items":[{"attributes":{"Capacity":0,"Count":0},"lineId":1,"originalOrderItemId":"314073284a6d48198878b49c00bbc7f8","goodsType":"Physical","productCode":"78078094202","quantity":1,"transferQuantity":0,"imageUrl":"https://staging-media.fahorro.com/media/catalog/product/8/1/81a8ed61a45982c4.jpg?optimize=medium&fit=bounds&height=&width=","name":"Diamond Eye Combo Pack Monthly Color Contact Lenses113","upc":"78078094202","allowsBackOrder":false,"unitPrice":400.0,"isTaxable":false,"actualPrice":400.0,"itemDiscount":0.0,"lineItemCost":400.0,"itemTax":0.0,"shipping":0.0,"shippingDiscount":0.0,"shippingTax":0.0,"handling":0.0,"handlingDiscount":0.0,"handlingTax":0.0,"duty":0.0,"weightedShipmentAdjustment":0.0,"weightedLineItemTaxAdjustment":0.0,"weightedShippingAdjustment":0.0,"weightedShippingTaxAdjustment":0.0,"weightedHandlingAdjustment":0.0,"weightedHandlingTaxAdjustment":0.0,"weightedDutyAdjustment":0.0,"weightedOrderHandlingFee":0.0,"weightedOrderHandlingFeeTax":0.0,"weightedOrderHandlingFeeDiscount":0.0,"taxableShipping":0.0,"taxableLineItemCost":400.0,"taxableHandling":0.0,"data":{"edd":"2026-08-07T00:02:00Z","backOrder":"false","deliveryType":"FBO","fulfillmentLocationCode":"2201"},"auditInfo":{"updateDate":"2026-08-04T11:24:06Z","createDate":"2026-08-04T11:24:05Z","updateBy":"2CC1D66690B6427698BA2D374AEBC96D","createBy":"2CC1D66690B6427698BA2D374AEBC96D"},"options":[],"manageStock":true,"creditValue":400.0,"isAssemblyRequired":false,"allowsFutureAllocate":false,"isReservedInventory":false,"originalQuantity":1,"priceMode":"Internal"}],"canceledItems":[],"reassignedItems":[],"rejectedItems":[],"transferredItems":[],"packages":[],"workflowState":{"shipmentState":"ACCEPTED_SHIPMENT","taskList":[{"name":"Accept Shipment","subject":"","inputs":[{"name":"shipmentAccepted","type":"BOOLEAN"}],"active":false,"completed":true,"completedDate":"2026-08-04T11:25:05.746Z","activeDate":"2026-08-04T11:24:05.974Z","completedDurationMillis":59772,"_links":{}},{"taskId":"493890","name":"Validate Items In Stock","subject":"","description":"Validate stock","skippable":true,"inputs":[{"name":"createTransfer","type":"BOOLEAN"},{"name":"stockLevel","type":"STRING"}],"active":true,"completed":false,"activeDate":"2026-08-04T11:25:05.761Z","_links":{"skip":{"href":"https://t1000490-s1000992.sb.usc1.gcp.kibocommerce.com/api/commerce/shipments/32242/tasks/Validate%20Items%20In%20Stock/skipped","method":"PUT"},"execute":{"href":"https://t1000490-s1000992.sb.usc1.gcp.kibocommerce.com/api/commerce/shipments/32242/tasks/Validate%20Items%20In%20Stock/completed","method":"PUT"}}},{"name":"Wait for Transfer","subject":"Wait for Transfer","inputs":[],"active":false,"completed":false,"_links":{}},{"name":"Print Packing Slip","subject":"","inputs":[{"name":"back","type":"BOOLEAN"}],"active":false,"completed":false,"_links":{}},{"name":"Prepare for Shipment","subject":"","inputs":[{"name":"canceled","type":"BOOLEAN"},{"name":"back","type":"BOOLEAN"}],"active":false,"completed":false,"_links":{}},{"name":"Dispatched","subject":"","inputs":[],"active":false,"completed":false,"_links":{}}],"activeTaskName":"Validate Items In Stock","processInstanceId":"317217","auditInfo":{"updateDate":"2026-08-04T11:25:16Z","createDate":"2026-08-04T11:24:05Z","updateBy":"12d4e2ea75c349da8145d2f661ebddae","createBy":"2CC1D66690B6427698BA2D374AEBC96D"},"variables":{"initiator":{"name":"initiator","oldValue":"","value":"wbadmin","updateDate":"2026-08-04T11:24:05Z"},"currentState":{"name":"currentState","oldValue":"PRE_ACCEPT_SHIPMENT","value":"ACCEPTED_SHIPMENT","updateDate":"2026-08-04T11:25:05Z"},"shipmentAccepted":{"name":"shipmentAccepted","oldValue":"","value":"true","updateDate":"2026-08-04T11:25:05Z"}}},"changeMessages":[{"changeMessageId":"6a71cbd686c0165dcc378fcf","appId":"2CC1D66690B6427698BA2D374AEBC96D","appKey":"mozu.CommerceRuntimeOrderQueueService.2628.0.0.Release","createdDate":"2026-08-04T11:24:06.421Z","correlationId":"57ae3489c9d44690a9340c4be8da7c3b","message":"'workflowState.shipmentState' value changed from '' to 'PRE_ACCEPT_SHIPMENT'","oldValue":"null","newValue":"PRE_ACCEPT_SHIPMENT","subject":"shipmentState","userId":"2CC1D66690B6427698BA2D374AEBC96D"},{"changeMessageId":"6a71cbd686c0165dcc378fd0","appId":"2CC1D66690B6427698BA2D374AEBC96D","appKey":"mozu.CommerceRuntimeOrderQueueService.2628.0.0.Release","createdDate":"2026-08-04T11:24:06.421Z","correlationId":"57ae3489c9d44690a9340c4be8da7c3b","message":"'workflowState.activeTaskName' value changed from '' to 'Accept Shipment'","oldValue":"null","newValue":"Accept Shipment","subject":"activeTaskName","userId":"2CC1D66690B6427698BA2D374AEBC96D"},{"changeMessageId":"6a71cbd686c0165dcc378fd1","appId":"2CC1D66690B6427698BA2D374AEBC96D","appKey":"mozu.CommerceRuntimeOrderQueueService.2628.0.0.Release","createdDate":"2026-08-04T11:24:06.421Z","correlationId":"57ae3489c9d44690a9340c4be8da7c3b","message":"'shipmentStatus' value changed from '' to 'READY'","oldValue":"null","newValue":"READY","subject":"shipmentStatus","userId":"2CC1D66690B6427698BA2D374AEBC96D"},{"changeMessageId":"6a71cbd686c0165dcc378fd2","appId":"2CC1D66690B6427698BA2D374AEBC96D","appKey":"mozu.CommerceRuntimeOrderQueueService.2628.0.0.Release","createdDate":"2026-08-04T11:24:06.421Z","correlationId":"57ae3489c9d44690a9340c4be8da7c3b","message":"Shipment [32242] created","userId":"2CC1D66690B6427698BA2D374AEBC96D"},{"changeMessageId":"6a71cc11db3997534d805487","appId":"12d4e2ea75c349da8145d2f661ebddae","appKey":"ajykwpgx.API_Connector.1.0.0.Release","createdDate":"2026-08-04T11:25:05.963Z","correlationId":"001299e5b6d24971858ffc1a71040567","message":"'workflowState/variables/currentState.oldValue' value changed from '' to 'PRE_ACCEPT_SHIPMENT'","oldValue":"","newValue":"PRE_ACCEPT_SHIPMENT","subject":"oldValue","userId":"12d4e2ea75c349da8145d2f661ebddae"},{"changeMessageId":"6a71cc11db3997534d805488","appId":"12d4e2ea75c349da8145d2f661ebddae","appKey":"ajykwpgx.API_Connector.1.0.0.Release","createdDate":"2026-08-04T11:25:05.964Z","correlationId":"001299e5b6d24971858ffc1a71040567","message":"'workflowState/variables/currentState.value' value changed from 'PRE_ACCEPT_SHIPMENT' to 'ACCEPTED_SHIPMENT'","oldValue":"PRE_ACCEPT_SHIPMENT","newValue":"ACCEPTED_SHIPMENT","subject":"value","userId":"12d4e2ea75c349da8145d2f661ebddae"},{"changeMessageId":"6a71cc11db3997534d805489","appId":"12d4e2ea75c349da8145d2f661ebddae","appKey":"ajykwpgx.API_Connector.1.0.0.Release","createdDate":"2026-08-04T11:25:05.964Z","correlationId":"001299e5b6d24971858ffc1a71040567","message":"'workflowState/variables/currentState.updateDate' value changed from 'Tue Aug 04 11:24:05 UTC 2026' to 'Tue Aug 04 11:25:05 UTC 2026'","oldValue":"Tue Aug 04 11:24:05 UTC 2026","newValue":"Tue Aug 04 11:25:05 UTC 2026","subject":"updateDate","userId":"12d4e2ea75c349da8145d2f661ebddae"},{"changeMessageId":"6a71cc11db3997534d80548a","appId":"12d4e2ea75c349da8145d2f661ebddae","appKey":"ajykwpgx.API_Connector.1.0.0.Release","createdDate":"2026-08-04T11:25:05.964Z","correlationId":"001299e5b6d24971858ffc1a71040567","message":"'versionHash' value changed from '32452838' to '-419896078'","oldValue":"32452838","newValue":"-419896078","subject":"versionHash","userId":"12d4e2ea75c349da8145d2f661ebddae"},{"changeMessageId":"6a71cc11db3997534d80548b","appId":"12d4e2ea75c349da8145d2f661ebddae","appKey":"ajykwpgx.API_Connector.1.0.0.Release","createdDate":"2026-08-04T11:25:05.964Z","correlationId":"001299e5b6d24971858ffc1a71040567","message":"'lastModifiedDate' value changed from '2026-08-04T11:24:06.423Z' to '2026-08-04T11:25:05.957663Z'","oldValue":"2026-08-04T11:24:06.423Z","newValue":"2026-08-04T11:25:05.957663Z","subject":"lastModifiedDate","userId":"12d4e2ea75c349da8145d2f661ebddae"},{"changeMessageId":"6a71cc11db3997534d80548c","appId":"12d4e2ea75c349da8145d2f661ebddae","appKey":"ajykwpgx.API_Connector.1.0.0.Release","createdDate":"2026-08-04T11:25:05.964Z","correlationId":"001299e5b6d24971858ffc1a71040567","message":"'readyToCapture' value changed from 'false' to 'true'","oldValue":"false","newValue":"true","subject":"readyToCapture","userId":"12d4e2ea75c349da8145d2f661ebddae"},{"changeMessageId":"6a71cc11db3997534d80548d","appId":"12d4e2ea75c349da8145d2f661ebddae","appKey":"ajykwpgx.API_Connector.1.0.0.Release","createdDate":"2026-08-04T11:25:05.964Z","correlationId":"001299e5b6d24971858ffc1a71040567","message":"'workflowState.shipmentState' value changed from 'PRE_ACCEPT_SHIPMENT' to 'ACCEPTED_SHIPMENT'","oldValue":"PRE_ACCEPT_SHIPMENT","newValue":"ACCEPTED_SHIPMENT","subject":"shipmentState","userId":"12d4e2ea75c349da8145d2f661ebddae"},{"changeMessageId":"6a71cc11db3997534d80548e","appId":"12d4e2ea75c349da8145d2f661ebddae","appKey":"ajykwpgx.API_Connector.1.0.0.Release","createdDate":"2026-08-04T11:25:05.964Z","correlationId":"001299e5b6d24971858ffc1a71040567","message":"'workflowState.activeTaskName' value changed from 'Accept Shipment' to 'Validate Items In Stock'","oldValue":"Accept Shipment","newValue":"Validate Items In Stock","subject":"activeTaskName","userId":"12d4e2ea75c349da8145d2f661ebddae"},{"changeMessageId":"6a71cc11db3997534d80548f","appId":"12d4e2ea75c349da8145d2f661ebddae","appKey":"ajykwpgx.API_Connector.1.0.0.Release","createdDate":"2026-08-04T11:25:05.964Z","correlationId":"001299e5b6d24971858ffc1a71040567","message":"'workflowState.variables' map changes :\n  'shipmentAccepted' -> 'Shipment/6a71cbd586c0165dcc378f52#workflowState/variables/shipmentAccepted' added","subject":"variables","userId":"12d4e2ea75c349da8145d2f661ebddae"},{"changeMessageId":"6a71cc11db3997534d80549e","appId":"12d4e2ea75c349da8145d2f661ebddae","appKey":"ajykwpgx.API_Connector.1.0.0.Release","createdDate":"2026-08-04T11:25:05.975Z","correlationId":"001299e5b6d24971858ffc1a71040567","message":"'acceptedDate' value changed from '' to '2026-08-04T11:25:05.972686Z'","oldValue":"null","newValue":"2026-08-04T11:25:05.972686Z","subject":"acceptedDate","userId":"12d4e2ea75c349da8145d2f661ebddae"},{"changeMessageId":"6a71cc11db3997534d80549f","appId":"12d4e2ea75c349da8145d2f661ebddae","appKey":"ajykwpgx.API_Connector.1.0.0.Release","createdDate":"2026-08-04T11:25:05.976Z","correlationId":"001299e5b6d24971858ffc1a71040567","message":"'lastModifiedDate' value changed from '2026-08-04T11:25:05.966Z' to '2026-08-04T11:25:05.966633Z'","oldValue":"2026-08-04T11:25:05.966Z","newValue":"2026-08-04T11:25:05.966633Z","subject":"lastModifiedDate","userId":"12d4e2ea75c349da8145d2f661ebddae"},{"changeMessageId":"6a71cc1cdb3997534d806117","appId":"12d4e2ea75c349da8145d2f661ebddae","appKey":"ajykwpgx.API_Connector.1.0.0.Release","createdDate":"2026-08-04T11:25:16.004Z","correlationId":"478877b82996400cb43a89c8addef890","message":"'shipmentNotes' collection changes :\n  0. 'ShipmentNote/2026-08-04T05:25:15.776442082' added","subject":"shipmentNotes","userId":"12d4e2ea75c349da8145d2f661ebddae"}],"email":"mgowda@kognivera.com","acceptedDate":"2026-08-04T11:25:05.972Z","isExpress":false,"auditInfo":{"updateDate":"2026-08-04T11:25:16Z","createDate":"2026-08-04T11:24:05Z","updateBy":"12d4e2ea75c349da8145d2f661ebddae","createBy":"2CC1D66690B6427698BA2D374AEBC96D"},"readyToCapture":true,"isOptInForSms":false,"shopperNotes":{},"shipmentNotes":[{"noteId":"2026-08-04T05:25:15.776442082","noteText":"Create Shipment API returned status: Best Quotation Error: EnvioClick No Rates Found:Skydropx No Rates Found","username":"12d4e2ea75c349da8145d2f661ebddae","role":"Manager","auditInfo":{"updateDate":"2026-08-04T11:25:15Z","createDate":"2026-08-04T11:25:15Z","updateBy":"12d4e2ea75c349da8145d2f661ebddae","createBy":"12d4e2ea75c349da8145d2f661ebddae"}}],"isAutoAssigned":true,"isHistoricalImport":false,"substitutedItems":[],"orderType":"Online","workflowProcessVersion":"1.2518.0","isFlatRateShipping":true,"slas":[],"shipmentGroup":"group-2201-2026-08-07T00:02:00Z","groupId":"778a347050a2f94f89b76e0595437990","carrier":"FDA Flat Rate","shipmentAttributes":[],"_links":{"self":{"href":"https://t1000490-s1000992.sb.usc1.gcp.kibocommerce.com/api/commerce/shipments/32242"},"shipments":{"href":"https://t1000490-s1000992.sb.usc1.gcp.kibocommerce.com/api/commerce/shipments"},"tasks":{"href":"https://t1000490-s1000992.sb.usc1.gcp.kibocommerce.com/api/commerce/shipments/32242/tasks"},"workflowInstanceImage":{"href":"https://t1000490-s1000992.sb.usc1.gcp.kibocommerce.com/api/commerce/shipments/32242/workflow-instance-image"},"backorder":{"href":"https://t1000490-s1000992.sb.usc1.gcp.kibocommerce.com/api/commerce/shipments/32242/backordered","method":"POST"},"backorderItems":{"href":"https://t1000490-s1000992.sb.usc1.gcp.kibocommerce.com/api/commerce/shipments/32242/backorderedItems","method":"POST"},"reject":{"href":"https://t1000490-s1000992.sb.usc1.gcp.kibocommerce.com/api/commerce/shipments/32242/rejected","method":"PUT"},"rejectItems":{"href":"https://t1000490-s1000992.sb.usc1.gcp.kibocommerce.com/api/commerce/shipments/32242/rejectedItems","method":"PUT"},"cancel":{"href":"https://t1000490-s1000992.sb.usc1.gcp.kibocommerce.com/api/commerce/shipments/32242/canceled","method":"PUT"},"fulfill":{"href":"https://t1000490-s1000992.sb.usc1.gcp.kibocommerce.com/api/commerce/shipments/32242/fulfilled","method":"PUT"},"reassign":{"href":"https://t1000490-s1000992.sb.usc1.gcp.kibocommerce.com/api/commerce/shipments/32242/reassigned","method":"PUT"},"reassignItems":{"href":"https://t1000490-s1000992.sb.usc1.gcp.kibocommerce.com/api/commerce/shipments/32242/reassignedItems","method":"PUT"},"cancelItems":{"href":"https://t1000490-s1000992.sb.usc1.gcp.kibocommerce.com/api/commerce/shipments/32242/canceledItems","method":"PUT"}}}]},"_links":{"self":{"href":"https://t1000490-s1000992.sb.usc1.gcp.kibocommerce.com/api/commerce/shipments?filter=orderId%3D%3D1b7229bd1bab2700014d7bb0000f442a&page=0&pageSize=200"}},"page":{"size":200,"totalElements":1,"totalPages":1,"number":0}}
2026-08-04 17:03:25 INFO  FDA_Automation_Script.FDA_Automation_Script.utils.LoggerUtility - 3PL data not ready — deliveryPartner='', tplShipmentId=''. Waiting 30s...
2026-08-04 17:03:55 INFO  FDA_Automation_Script.FDA_Automation_Script.utils.LoggerUtility - Kibo shipment data poll attempt 18/20
2026-08-04 17:03:55 INFO  FDA_Automation_Script.FDA_Automation_Script.utils.LoggerUtility - ========== Get Shipments by Order ID ==========
2026-08-04 17:03:55 INFO  FDA_Automation_Script.FDA_Automation_Script.utils.LoggerUtility - Calling Kibo Get Shipments API: https://t1000490-s1000992.sb.usc1.gcp.kibocommerce.com/api/commerce/shipments filter=orderId==1b7229bd1bab2700014d7bb0000f442a
2026-08-04 17:03:55 INFO  FDA_Automation_Script.FDA_Automation_Script.utils.LoggerUtility - Get Shipments by OrderId Status : 200
2026-08-04 17:03:55 INFO  FDA_Automation_Script.FDA_Automation_Script.utils.LoggerUtility - Get Shipments by OrderId Body   : {"_embedded":{"shipments":[{"shipmentNumber":32242,"orderId":"1b7229bd1bab2700014d7bb0000f442a","orderNumber":28888,"orderSubmitDate":"2026-08-04T11:24:05.366Z","externalOrderId":"4000273592WEB","customerAccountId":1047,"tenantId":1000490,"siteId":1000992,"shipmentType":"STH","shipmentStatus":"READY","fulfillmentLocationCode":"2201","assignedLocationCode":"2201","workflowProcessId":"FDA_Custom_STH_WF_V1.0","workflowProcessContainerId":"KUPT.kibo-fulfillment-workflows-fda","shipmentAdjustment":0.0,"lineItemSubtotal":400.0,"lineItemTaxAdjustment":0.0,"lineItemTaxTotal":0.0,"lineItemTotal":400.0,"shippingAdjustment":0.0,"shippingSubtotal":0.0,"shippingTaxAdjustment":0.0,"shippingTaxTotal":0.0,"shippingTotal":0.0,"handlingAdjustment":0.0,"handlingSubtotal":0.0,"handlingTaxAdjustment":0.0,"handlingTaxTotal":0.0,"handlingTotal":0.0,"dutyAdjustment":0.0,"dutyTotal":0.0,"total":400.0,"currencyCode":"MXN","destination":{"destinationContact":{"address":{"address1":"Calles Loren","address2":"12","cityOrTown":"Ciudad de México","countryCode":"MX","isValidated":false,"postalOrZipCode":"03610","stateOrProvince":"Ciudad de México"},"email":"mgowda@kognivera.com","firstName":"Mithu","lastNameOrSurname":"Gowda","shortFullName":"Mithu Gowda","fullName":"Mithu Gowda","phoneNumbers":{"mobile":"7022499246"}},"isDestinationCommercial":false},"customer":{"customerContact":{"address":{"address1":"Calles Loren","address2":"12","cityOrTown":"Ciudad de México","countryCode":"MX","isValidated":false,"postalOrZipCode":"03610","stateOrProvince":"Ciudad de México"},"email":"mgowda@kognivera.com","firstName":"Mithu","lastNameOrSurname":"Gowda","shortFullName":"Mithu Gowda","fullName":"Mithu Gowda","phoneNumbers":{"mobile":"7022499246"}}},"shippingMethodCode":"FDA Flat Rate","items":[{"attributes":{"Capacity":0,"Count":0},"lineId":1,"originalOrderItemId":"314073284a6d48198878b49c00bbc7f8","goodsType":"Physical","productCode":"78078094202","quantity":1,"transferQuantity":0,"imageUrl":"https://staging-media.fahorro.com/media/catalog/product/8/1/81a8ed61a45982c4.jpg?optimize=medium&fit=bounds&height=&width=","name":"Diamond Eye Combo Pack Monthly Color Contact Lenses113","upc":"78078094202","allowsBackOrder":false,"unitPrice":400.0,"isTaxable":false,"actualPrice":400.0,"itemDiscount":0.0,"lineItemCost":400.0,"itemTax":0.0,"shipping":0.0,"shippingDiscount":0.0,"shippingTax":0.0,"handling":0.0,"handlingDiscount":0.0,"handlingTax":0.0,"duty":0.0,"weightedShipmentAdjustment":0.0,"weightedLineItemTaxAdjustment":0.0,"weightedShippingAdjustment":0.0,"weightedShippingTaxAdjustment":0.0,"weightedHandlingAdjustment":0.0,"weightedHandlingTaxAdjustment":0.0,"weightedDutyAdjustment":0.0,"weightedOrderHandlingFee":0.0,"weightedOrderHandlingFeeTax":0.0,"weightedOrderHandlingFeeDiscount":0.0,"taxableShipping":0.0,"taxableLineItemCost":400.0,"taxableHandling":0.0,"data":{"edd":"2026-08-07T00:02:00Z","backOrder":"false","deliveryType":"FBO","fulfillmentLocationCode":"2201"},"auditInfo":{"updateDate":"2026-08-04T11:24:06Z","createDate":"2026-08-04T11:24:05Z","updateBy":"2CC1D66690B6427698BA2D374AEBC96D","createBy":"2CC1D66690B6427698BA2D374AEBC96D"},"options":[],"manageStock":true,"creditValue":400.0,"isAssemblyRequired":false,"allowsFutureAllocate":false,"isReservedInventory":false,"originalQuantity":1,"priceMode":"Internal"}],"canceledItems":[],"reassignedItems":[],"rejectedItems":[],"transferredItems":[],"packages":[],"workflowState":{"shipmentState":"ACCEPTED_SHIPMENT","taskList":[{"name":"Accept Shipment","subject":"","inputs":[{"name":"shipmentAccepted","type":"BOOLEAN"}],"active":false,"completed":true,"completedDate":"2026-08-04T11:25:05.746Z","activeDate":"2026-08-04T11:24:05.974Z","completedDurationMillis":59772,"_links":{}},{"taskId":"493890","name":"Validate Items In Stock","subject":"","description":"Validate stock","skippable":true,"inputs":[{"name":"createTransfer","type":"BOOLEAN"},{"name":"stockLevel","type":"STRING"}],"active":true,"completed":false,"activeDate":"2026-08-04T11:25:05.761Z","_links":{"skip":{"href":"https://t1000490-s1000992.sb.usc1.gcp.kibocommerce.com/api/commerce/shipments/32242/tasks/Validate%20Items%20In%20Stock/skipped","method":"PUT"},"execute":{"href":"https://t1000490-s1000992.sb.usc1.gcp.kibocommerce.com/api/commerce/shipments/32242/tasks/Validate%20Items%20In%20Stock/completed","method":"PUT"}}},{"name":"Wait for Transfer","subject":"Wait for Transfer","inputs":[],"active":false,"completed":false,"_links":{}},{"name":"Print Packing Slip","subject":"","inputs":[{"name":"back","type":"BOOLEAN"}],"active":false,"completed":false,"_links":{}},{"name":"Prepare for Shipment","subject":"","inputs":[{"name":"canceled","type":"BOOLEAN"},{"name":"back","type":"BOOLEAN"}],"active":false,"completed":false,"_links":{}},{"name":"Dispatched","subject":"","inputs":[],"active":false,"completed":false,"_links":{}}],"activeTaskName":"Validate Items In Stock","processInstanceId":"317217","auditInfo":{"updateDate":"2026-08-04T11:25:16Z","createDate":"2026-08-04T11:24:05Z","updateBy":"12d4e2ea75c349da8145d2f661ebddae","createBy":"2CC1D66690B6427698BA2D374AEBC96D"},"variables":{"initiator":{"name":"initiator","oldValue":"","value":"wbadmin","updateDate":"2026-08-04T11:24:05Z"},"currentState":{"name":"currentState","oldValue":"PRE_ACCEPT_SHIPMENT","value":"ACCEPTED_SHIPMENT","updateDate":"2026-08-04T11:25:05Z"},"shipmentAccepted":{"name":"shipmentAccepted","oldValue":"","value":"true","updateDate":"2026-08-04T11:25:05Z"}}},"changeMessages":[{"changeMessageId":"6a71cbd686c0165dcc378fcf","appId":"2CC1D66690B6427698BA2D374AEBC96D","appKey":"mozu.CommerceRuntimeOrderQueueService.2628.0.0.Release","createdDate":"2026-08-04T11:24:06.421Z","correlationId":"57ae3489c9d44690a9340c4be8da7c3b","message":"'workflowState.shipmentState' value changed from '' to 'PRE_ACCEPT_SHIPMENT'","oldValue":"null","newValue":"PRE_ACCEPT_SHIPMENT","subject":"shipmentState","userId":"2CC1D66690B6427698BA2D374AEBC96D"},{"changeMessageId":"6a71cbd686c0165dcc378fd0","appId":"2CC1D66690B6427698BA2D374AEBC96D","appKey":"mozu.CommerceRuntimeOrderQueueService.2628.0.0.Release","createdDate":"2026-08-04T11:24:06.421Z","correlationId":"57ae3489c9d44690a9340c4be8da7c3b","message":"'workflowState.activeTaskName' value changed from '' to 'Accept Shipment'","oldValue":"null","newValue":"Accept Shipment","subject":"activeTaskName","userId":"2CC1D66690B6427698BA2D374AEBC96D"},{"changeMessageId":"6a71cbd686c0165dcc378fd1","appId":"2CC1D66690B6427698BA2D374AEBC96D","appKey":"mozu.CommerceRuntimeOrderQueueService.2628.0.0.Release","createdDate":"2026-08-04T11:24:06.421Z","correlationId":"57ae3489c9d44690a9340c4be8da7c3b","message":"'shipmentStatus' value changed from '' to 'READY'","oldValue":"null","newValue":"READY","subject":"shipmentStatus","userId":"2CC1D66690B6427698BA2D374AEBC96D"},{"changeMessageId":"6a71cbd686c0165dcc378fd2","appId":"2CC1D66690B6427698BA2D374AEBC96D","appKey":"mozu.CommerceRuntimeOrderQueueService.2628.0.0.Release","createdDate":"2026-08-04T11:24:06.421Z","correlationId":"57ae3489c9d44690a9340c4be8da7c3b","message":"Shipment [32242] created","userId":"2CC1D66690B6427698BA2D374AEBC96D"},{"changeMessageId":"6a71cc11db3997534d805487","appId":"12d4e2ea75c349da8145d2f661ebddae","appKey":"ajykwpgx.API_Connector.1.0.0.Release","createdDate":"2026-08-04T11:25:05.963Z","correlationId":"001299e5b6d24971858ffc1a71040567","message":"'workflowState/variables/currentState.oldValue' value changed from '' to 'PRE_ACCEPT_SHIPMENT'","oldValue":"","newValue":"PRE_ACCEPT_SHIPMENT","subject":"oldValue","userId":"12d4e2ea75c349da8145d2f661ebddae"},{"changeMessageId":"6a71cc11db3997534d805488","appId":"12d4e2ea75c349da8145d2f661ebddae","appKey":"ajykwpgx.API_Connector.1.0.0.Release","createdDate":"2026-08-04T11:25:05.964Z","correlationId":"001299e5b6d24971858ffc1a71040567","message":"'workflowState/variables/currentState.value' value changed from 'PRE_ACCEPT_SHIPMENT' to 'ACCEPTED_SHIPMENT'","oldValue":"PRE_ACCEPT_SHIPMENT","newValue":"ACCEPTED_SHIPMENT","subject":"value","userId":"12d4e2ea75c349da8145d2f661ebddae"},{"changeMessageId":"6a71cc11db3997534d805489","appId":"12d4e2ea75c349da8145d2f661ebddae","appKey":"ajykwpgx.API_Connector.1.0.0.Release","createdDate":"2026-08-04T11:25:05.964Z","correlationId":"001299e5b6d24971858ffc1a71040567","message":"'workflowState/variables/currentState.updateDate' value changed from 'Tue Aug 04 11:24:05 UTC 2026' to 'Tue Aug 04 11:25:05 UTC 2026'","oldValue":"Tue Aug 04 11:24:05 UTC 2026","newValue":"Tue Aug 04 11:25:05 UTC 2026","subject":"updateDate","userId":"12d4e2ea75c349da8145d2f661ebddae"},{"changeMessageId":"6a71cc11db3997534d80548a","appId":"12d4e2ea75c349da8145d2f661ebddae","appKey":"ajykwpgx.API_Connector.1.0.0.Release","createdDate":"2026-08-04T11:25:05.964Z","correlationId":"001299e5b6d24971858ffc1a71040567","message":"'versionHash' value changed from '32452838' to '-419896078'","oldValue":"32452838","newValue":"-419896078","subject":"versionHash","userId":"12d4e2ea75c349da8145d2f661ebddae"},{"changeMessageId":"6a71cc11db3997534d80548b","appId":"12d4e2ea75c349da8145d2f661ebddae","appKey":"ajykwpgx.API_Connector.1.0.0.Release","createdDate":"2026-08-04T11:25:05.964Z","correlationId":"001299e5b6d24971858ffc1a71040567","message":"'lastModifiedDate' value changed from '2026-08-04T11:24:06.423Z' to '2026-08-04T11:25:05.957663Z'","oldValue":"2026-08-04T11:24:06.423Z","newValue":"2026-08-04T11:25:05.957663Z","subject":"lastModifiedDate","userId":"12d4e2ea75c349da8145d2f661ebddae"},{"changeMessageId":"6a71cc11db3997534d80548c","appId":"12d4e2ea75c349da8145d2f661ebddae","appKey":"ajykwpgx.API_Connector.1.0.0.Release","createdDate":"2026-08-04T11:25:05.964Z","correlationId":"001299e5b6d24971858ffc1a71040567","message":"'readyToCapture' value changed from 'false' to 'true'","oldValue":"false","newValue":"true","subject":"readyToCapture","userId":"12d4e2ea75c349da8145d2f661ebddae"},{"changeMessageId":"6a71cc11db3997534d80548d","appId":"12d4e2ea75c349da8145d2f661ebddae","appKey":"ajykwpgx.API_Connector.1.0.0.Release","createdDate":"2026-08-04T11:25:05.964Z","correlationId":"001299e5b6d24971858ffc1a71040567","message":"'workflowState.shipmentState' value changed from 'PRE_ACCEPT_SHIPMENT' to 'ACCEPTED_SHIPMENT'","oldValue":"PRE_ACCEPT_SHIPMENT","newValue":"ACCEPTED_SHIPMENT","subject":"shipmentState","userId":"12d4e2ea75c349da8145d2f661ebddae"},{"changeMessageId":"6a71cc11db3997534d80548e","appId":"12d4e2ea75c349da8145d2f661ebddae","appKey":"ajykwpgx.API_Connector.1.0.0.Release","createdDate":"2026-08-04T11:25:05.964Z","correlationId":"001299e5b6d24971858ffc1a71040567","message":"'workflowState.activeTaskName' value changed from 'Accept Shipment' to 'Validate Items In Stock'","oldValue":"Accept Shipment","newValue":"Validate Items In Stock","subject":"activeTaskName","userId":"12d4e2ea75c349da8145d2f661ebddae"},{"changeMessageId":"6a71cc11db3997534d80548f","appId":"12d4e2ea75c349da8145d2f661ebddae","appKey":"ajykwpgx.API_Connector.1.0.0.Release","createdDate":"2026-08-04T11:25:05.964Z","correlationId":"001299e5b6d24971858ffc1a71040567","message":"'workflowState.variables' map changes :\n  'shipmentAccepted' -> 'Shipment/6a71cbd586c0165dcc378f52#workflowState/variables/shipmentAccepted' added","subject":"variables","userId":"12d4e2ea75c349da8145d2f661ebddae"},{"changeMessageId":"6a71cc11db3997534d80549e","appId":"12d4e2ea75c349da8145d2f661ebddae","appKey":"ajykwpgx.API_Connector.1.0.0.Release","createdDate":"2026-08-04T11:25:05.975Z","correlationId":"001299e5b6d24971858ffc1a71040567","message":"'acceptedDate' value changed from '' to '2026-08-04T11:25:05.972686Z'","oldValue":"null","newValue":"2026-08-04T11:25:05.972686Z","subject":"acceptedDate","userId":"12d4e2ea75c349da8145d2f661ebddae"},{"changeMessageId":"6a71cc11db3997534d80549f","appId":"12d4e2ea75c349da8145d2f661ebddae","appKey":"ajykwpgx.API_Connector.1.0.0.Release","createdDate":"2026-08-04T11:25:05.976Z","correlationId":"001299e5b6d24971858ffc1a71040567","message":"'lastModifiedDate' value changed from '2026-08-04T11:25:05.966Z' to '2026-08-04T11:25:05.966633Z'","oldValue":"2026-08-04T11:25:05.966Z","newValue":"2026-08-04T11:25:05.966633Z","subject":"lastModifiedDate","userId":"12d4e2ea75c349da8145d2f661ebddae"},{"changeMessageId":"6a71cc1cdb3997534d806117","appId":"12d4e2ea75c349da8145d2f661ebddae","appKey":"ajykwpgx.API_Connector.1.0.0.Release","createdDate":"2026-08-04T11:25:16.004Z","correlationId":"478877b82996400cb43a89c8addef890","message":"'shipmentNotes' collection changes :\n  0. 'ShipmentNote/2026-08-04T05:25:15.776442082' added","subject":"shipmentNotes","userId":"12d4e2ea75c349da8145d2f661ebddae"}],"email":"mgowda@kognivera.com","acceptedDate":"2026-08-04T11:25:05.972Z","isExpress":false,"auditInfo":{"updateDate":"2026-08-04T11:25:16Z","createDate":"2026-08-04T11:24:05Z","updateBy":"12d4e2ea75c349da8145d2f661ebddae","createBy":"2CC1D66690B6427698BA2D374AEBC96D"},"readyToCapture":true,"isOptInForSms":false,"shopperNotes":{},"shipmentNotes":[{"noteId":"2026-08-04T05:25:15.776442082","noteText":"Create Shipment API returned status: Best Quotation Error: EnvioClick No Rates Found:Skydropx No Rates Found","username":"12d4e2ea75c349da8145d2f661ebddae","role":"Manager","auditInfo":{"updateDate":"2026-08-04T11:25:15Z","createDate":"2026-08-04T11:25:15Z","updateBy":"12d4e2ea75c349da8145d2f661ebddae","createBy":"12d4e2ea75c349da8145d2f661ebddae"}}],"isAutoAssigned":true,"isHistoricalImport":false,"substitutedItems":[],"orderType":"Online","workflowProcessVersion":"1.2518.0","isFlatRateShipping":true,"slas":[],"shipmentGroup":"group-2201-2026-08-07T00:02:00Z","groupId":"778a347050a2f94f89b76e0595437990","carrier":"FDA Flat Rate","shipmentAttributes":[],"_links":{"self":{"href":"https://t1000490-s1000992.sb.usc1.gcp.kibocommerce.com/api/commerce/shipments/32242"},"shipments":{"href":"https://t1000490-s1000992.sb.usc1.gcp.kibocommerce.com/api/commerce/shipments"},"tasks":{"href":"https://t1000490-s1000992.sb.usc1.gcp.kibocommerce.com/api/commerce/shipments/32242/tasks"},"workflowInstanceImage":{"href":"https://t1000490-s1000992.sb.usc1.gcp.kibocommerce.com/api/commerce/shipments/32242/workflow-instance-image"},"backorder":{"href":"https://t1000490-s1000992.sb.usc1.gcp.kibocommerce.com/api/commerce/shipments/32242/backordered","method":"POST"},"backorderItems":{"href":"https://t1000490-s1000992.sb.usc1.gcp.kibocommerce.com/api/commerce/shipments/32242/backorderedItems","method":"POST"},"reject":{"href":"https://t1000490-s1000992.sb.usc1.gcp.kibocommerce.com/api/commerce/shipments/32242/rejected","method":"PUT"},"rejectItems":{"href":"https://t1000490-s1000992.sb.usc1.gcp.kibocommerce.com/api/commerce/shipments/32242/rejectedItems","method":"PUT"},"cancel":{"href":"https://t1000490-s1000992.sb.usc1.gcp.kibocommerce.com/api/commerce/shipments/32242/canceled","method":"PUT"},"fulfill":{"href":"https://t1000490-s1000992.sb.usc1.gcp.kibocommerce.com/api/commerce/shipments/32242/fulfilled","method":"PUT"},"reassign":{"href":"https://t1000490-s1000992.sb.usc1.gcp.kibocommerce.com/api/commerce/shipments/32242/reassigned","method":"PUT"},"reassignItems":{"href":"https://t1000490-s1000992.sb.usc1.gcp.kibocommerce.com/api/commerce/shipments/32242/reassignedItems","method":"PUT"},"cancelItems":{"href":"https://t1000490-s1000992.sb.usc1.gcp.kibocommerce.com/api/commerce/shipments/32242/canceledItems","method":"PUT"}}}]},"_links":{"self":{"href":"https://t1000490-s1000992.sb.usc1.gcp.kibocommerce.com/api/commerce/shipments?filter=orderId%3D%3D1b7229bd1bab2700014d7bb0000f442a&page=0&pageSize=200"}},"page":{"size":200,"totalElements":1,"totalPages":1,"number":0}}
2026-08-04 17:03:55 INFO  FDA_Automation_Script.FDA_Automation_Script.utils.LoggerUtility - 3PL data not ready — deliveryPartner='', tplShipmentId=''. Waiting 30s...
